,CAS,侵入途径
0,100-01-6,吸入
1,100-01-6,食入
2,100-01-6,经皮吸收
3,100-02-7,吸入
4,100-02-7,食入
5,100-02-7,经皮吸收
6,100-11-8,吸入
7,100-11-8,食入
8,100-12-9,吸入
9,100-12-9,食入
10,100-12-9,经皮吸收
11,100-16-3,吸入
12,100-16-3,食入
13,100-17-4,吸入
14,100-17-4,食入
15,100-20-9,吸入
16,100-20-9,食入
17,100-20-9,经皮吸收
18,100-25-4,吸入
19,100-25-4,食入
20,100-25-4,经皮吸收
21,100-29-8,吸入
22,100-29-8,食入
23,100-29-8,经皮
24,100-37-8,吸入
25,100-37-8,食入
26,100-37-8,经皮吸收
27,100-39-0,吸入
28,100-39-0,食入
29,100-41-4,吸入
30,100-41-4,食入
31,100-42-5,吸入
32,100-42-5,食入
33,100-42-5,经皮吸收
34,100-44-7,吸入
35,100-44-7,食入
36,100-44-7,经皮吸收
37,100-47-0,吸入
38,100-47-0,食入
39,100-47-0,经皮吸收
40,100-53-8,吸入
41,100-53-8,食入
42,100-53-8,经皮吸收
43,100-61-8,吸入
44,100-61-8,食入
45,100-61-8,经皮吸收
46,100-63-0,吸入
47,100-63-0,食入
48,100-63-0,经皮吸收
49,100-66-3,吸入
50,100-66-3,食入
51,100-97-0,吸入
52,100-97-0,食入
53,100-99-2,吸入
54,100-99-2,食入
55,1002-16-0,吸入
56,1002-16-0,食入
57,10022-31-8,吸入
58,10022-31-8,食入
59,10024-97-2,吸入
60,10025-68-0,吸入
61,10025-68-0,食入
62,10025-68-0,经皮吸收
63,10025-78-2,吸入
64,10025-78-2,食入
65,10025-87-3,吸入
66,10025-87-3,食入
67,10025-91-9,吸入
68,10025-91-9,食入
69,10025-91-9,经皮吸收
70,10026-04-7,吸入
71,10026-04-7,食入
72,10026-11-6,吸入
73,10026-11-6,食入
74,10026-13-8,吸入
75,10026-13-8,食入
76,10026-18-3,吸入，食入
77,10031-18-2,吸入
78,10031-18-2,食入
79,10034-81-8,吸入
80,10034-81-8,食入
81,10034-85-2,吸入
82,10035-10-6,吸入
83,10035-10-6,食入
84,10038-98-9,吸入
85,10038-98-9,食入
86,10045-94-0,吸入
87,10045-94-0,食入
88,10045-94-0,经皮吸收
89,10099-59-9,吸入
90,10099-59-9,食入
91,10099-74-8,吸入
92,10099-74-8,食入
93,101-25-7,吸入
94,101-25-7,食入
95,101-83-7,吸入
96,101-83-7,食入
97,101-83-7,经皮吸收
98,10101-50-5,吸入
99,10101-50-5,食入
100,10101-50-5,经皮吸收
101,10102-43-9,吸入
102,10103-61-4,吸入
103,10103-61-4,食入
104,10103-61-4,经皮吸收
105,10108-64-2,吸入
106,10108-64-2,食入
107,10108-73-3,吸入
108,10108-73-3,食入
109,10118-76-0,吸入
110,10118-76-0,食入
111,10124-36-4,吸入，食入
112,10124-50-2,吸入
113,10124-50-2,食入
114,10124-50-2,经皮吸收
115,10138-60-0,吸入，食入，皮肤接触，眼睛接触。
116,10141-05-6,吸入
117,10141-05-6,食入
118,10192-29-7,吸入
119,10192-29-7,食入
120,102-69-2,吸入
121,102-69-2,食入
122,102-81-8,吸入，食入，经皮吸收
123,102-82-9,吸入
124,102-82-9,食入
125,102-82-9,经皮吸收
126,10217-52-4,吸入
127,10217-52-4,食入
128,10217-52-4,经皮吸收
129,10241-05-1,吸入
130,10241-05-1,食入
131,10265-92-6,吸入
132,10265-92-6,食入
133,10265-92-6,经皮吸收
134,10294-33-4,吸入
135,10294-33-4,食入
136,10294-34-5,吸入
137,10294-34-5,食入
138,103-65-1,吸入
139,103-65-1,食入
140,103-65-1,经皮吸收
141,103-69-5,吸入
142,103-69-5,食入
143,103-69-5,经皮吸收
144,103-71-9,吸入
145,103-71-9,食入
146,103-71-9,经皮吸收
147,103-72-0,吸入
148,103-72-0,食入
149,103-80-0,吸入
150,103-80-0,食入
151,103-80-0,经皮吸收
152,10325-94-7,吸入
153,10325-94-7,食入
154,10326-21-3,吸入
155,10326-21-3,食入
156,10361-37-2,吸入
157,10361-37-2,食入
158,10361-37-2,经皮吸收
159,10361-44-1,吸入
160,10361-44-1,食入
161,10377-60-3,吸入
162,10377-60-3,食入
163,104-51-8,吸入
164,104-51-8,食入
165,104-51-8,经皮吸收
166,104-75-6,吸入
167,104-75-6,食入
168,104-75-6,经皮吸收
169,104-92-7,吸入
170,104-92-7,食入
171,10421-48-4,吸入
172,10421-48-4,食入
173,10450-60-9,吸入
174,10450-60-9,食入
175,105-05-5,吸入
176,105-05-5,食入
177,105-05-5,经皮吸收
178,105-36-2,吸入
179,105-36-2,食入
180,105-36-2,经皮吸收
181,105-37-3,吸入
182,105-37-3,食入
183,105-39-5,吸入
184,105-39-5,食入
185,105-39-5,经皮吸收
186,105-46-4,吸入
187,105-46-4,食入
188,105-46-4,经皮吸收
189,105-54-4,吸入
190,105-54-4,食入
191,105-54-4,经皮吸收
192,105-56-6,吸入
193,105-56-6,食入
194,105-56-6,经皮吸收
195,105-57-7,吸入
196,105-57-7,食入
197,105-58-8,吸入
198,105-58-8,食入
199,105-58-8,经皮吸收
200,105-66-8,吸入
201,105-66-8,食入
202,105-66-8,经皮吸收
203,105-68-0,吸入
204,105-68-0,食入
205,10544-72-6,吸入
206,10544-73-7,吸入
207,10545-99-0,吸入
208,10545-99-0,食入
209,10567-69-8,吸入
210,10567-69-8,食入
211,10588-01-9,吸入
212,10588-01-9,食入
213,10588-01-9,经皮吸收
214,106-31-0,吸入
215,106-31-0,食入
216,106-35-4,吸入
217,106-35-4,食入
218,106-41-2,吸入
219,106-41-2,食入
220,106-42-3,吸入
221,106-42-3,食入
222,106-42-3,经皮吸收
223,106-43-4,吸入
224,106-43-4,食入
225,106-44-5,吸入
226,106-44-5,食入
227,106-44-5,经皮吸收
228,106-45-6,吸入
229,106-45-6,食入
230,106-45-6,经皮吸收
231,106-47-8,吸入
232,106-47-8,食入
233,106-47-8,经皮吸收
234,106-48-9,吸入
235,106-48-9,食入
236,106-48-9,经皮吸收
237,106-49-0,吸入
238,106-49-0,食入
239,106-49-0,经皮吸收
240,106-50-3,吸入
241,106-50-3,食入
242,106-50-3,经皮吸收
243,106-51-4,吸入
244,106-51-4,食入
245,106-51-4,经皮吸收
246,106-63-8,吸入
247,106-63-8,食入
248,106-63-8,经皮吸收
249,106-70-7,吸入
250,106-70-7,食入
251,106-70-7,经皮吸收
252,106-88-7,吸入
253,106-88-7,食入
254,106-88-7,经皮吸收
255,106-93-4,吸入
256,106-93-4,食入
257,106-93-4,经皮吸收
258,106-94-5,吸入
259,106-94-5,食入
260,106-95-6,吸入
261,106-95-6,食入
262,106-97-8,吸入
263,106-98-9,吸入
264,106-99-0,吸入
265,107-00-6,吸入
266,107-01-7,吸入
267,107-02-8,吸入
268,107-02-8,食入
269,107-02-8,经皮吸收
270,107-03-9,吸入
271,107-03-9,食入
272,107-05-1,吸入
273,107-05-1,食入
274,107-05-1,经皮吸收
275,107-06-2,吸入
276,107-06-2,食入
277,107-06-2,经皮吸收
278,107-08-4,吸入
279,107-08-4,食入
280,107-10-8,吸入
281,107-10-8,食入
282,107-10-8,经皮吸收
283,107-11-9,吸入
284,107-11-9,食入
285,107-11-9,经皮吸收
286,107-12-0,吸入
287,107-12-0,食入
288,107-12-0,经皮吸收
289,107-13-1,吸入
290,107-13-1,食入
291,107-13-1,经皮吸收
292,107-14-2,吸入
293,107-14-2,食入
294,107-14-2,经皮吸收
295,107-15-3,吸入
296,107-15-3,食入
297,107-15-3,经皮吸收
298,107-16-4,吸入，食入，皮肤接触，眼睛接触。
299,107-18-6,吸入，食入，皮肤接触，眼睛接触。
300,107-20-0,吸入
301,107-20-0,食入
302,107-20-0,经皮吸收
303,107-27-7,吸入
304,107-27-7,食入
305,107-27-7,经皮吸收
306,107-30-2,吸入
307,107-30-2,食入
308,107-30-2,经皮吸收
309,107-31-3,吸入
310,107-31-3,食入
311,107-31-3,经皮吸收
312,107-46-0,吸入
313,107-46-0,食入
314,107-46-0,经皮吸收
315,107-83-5,吸入
316,107-83-5,食入
317,107-84-6,吸入
318,107-84-6,食入
319,107-85-7,吸入
320,107-85-7,食入
321,107-87-9,吸入
322,107-87-9,食入
323,107-92-6,吸入
324,107-92-6,食入
325,107-94-8,吸入
326,107-94-8,食入
327,107-94-8,经皮吸收
328,108-01-0,吸入
329,108-01-0,食入
330,108-01-0,经皮吸收
331,108-03-2,吸入
332,108-03-2,食入
333,108-05-4,吸入
334,108-05-4,食入
335,108-08-7,吸入
336,108-08-7,食入
337,108-09-8,吸入
338,108-09-8,食入
339,108-09-8,经皮吸收
340,108-10-1,吸入
341,108-10-1,食入
342,108-10-1,经皮吸收
343,108-16-7,吸入
344,108-16-7,食入
345,108-16-7,经皮吸收
346,108-18-9,吸入
347,108-18-9,食入
348,108-18-9,经皮吸收
349,108-20-3,吸入
350,108-20-3,食入
351,108-20-3,经皮吸收
352,108-21-4,吸入
353,108-21-4,食入
354,108-23-6,吸入
355,108-23-6,食入
356,108-24-7,吸入
357,108-24-7,食入
358,108-24-7,经皮吸收
359,108-38-3,吸入
360,108-38-3,食入
361,108-38-3,经皮吸收
362,108-39-4,吸入
363,108-39-4,食入
364,108-39-4,经皮吸收
365,108-40-7,吸入
366,108-40-7,食入
367,108-42-9,吸入
368,108-42-9,食入
369,108-42-9,经皮吸收
370,108-43-0,吸入
371,108-43-0,食入
372,108-43-0,经皮吸收
373,108-44-1,吸入
374,108-44-1,食入
375,108-44-1,经皮吸收
376,108-45-2,吸入
377,108-45-2,食入
378,108-45-2,经皮吸收
379,108-46-3,吸入
380,108-46-3,食入
381,108-46-3,经皮吸收
382,108-47-4,吸入
383,108-47-4,食入
384,108-47-4,经皮吸收
385,108-48-5,吸入
386,108-48-5,食入
387,108-48-5,经皮吸收
388,108-64-5,吸入
389,108-64-5,食入
390,108-70-3,吸入
391,108-70-3,食入
392,108-73-6,吸入
393,108-73-6,食入
394,108-73-6,经皮吸收
395,108-86-1,吸入
396,108-86-1,食入
397,108-86-1,经皮吸收
398,108-87-2,吸入
399,108-87-2,食入
400,108-87-2,经皮吸收
401,108-88-3,吸入
402,108-88-3,食入
403,108-88-3,经皮吸收
404,108-90-7,吸入
405,108-90-7,食入
406,108-90-7,经皮吸收
407,108-91-8,吸入
408,108-91-8,食入
409,108-91-8,经皮吸收
410,108-94-1,吸入
411,108-94-1,食入
412,108-94-1,经皮吸收
413,108-95-2,吸入
414,108-95-2,食入
415,108-95-2,经皮吸收
416,108-98-5,吸入
417,108-98-5,食入
418,108-98-5,经皮吸收
419,108-99-6,吸入
420,108-99-6,食入
421,108-99-6,经皮吸收
422,109-02-4,吸入
423,109-02-4,食入
424,109-02-4,经皮吸收
425,109-05-7,吸入
426,109-05-7,食入
427,109-05-7,经皮吸收
428,109-06-8,吸入
429,109-06-8,食入
430,109-06-8,经皮吸收
431,109-21-7,吸入
432,109-21-7,食入
433,109-21-7,经皮吸收
434,109-55-7,吸入
435,109-55-7,食入
436,109-60-4,吸入
437,109-60-4,食入
438,109-61-5,吸入
439,109-61-5,食入
440,109-61-5,经皮吸收
441,109-65-9,吸入
442,109-65-9,食入
443,109-66-0,吸入
444,109-66-0,食入
445,109-67-1,吸入
446,109-67-1,食入
447,109-68-2,吸入
448,109-68-2,食入
449,109-69-3,吸入
450,109-69-3,食入
451,109-73-9,吸入
452,109-73-9,食入
453,109-73-9,经皮吸收
454,109-74-0,吸入
455,109-74-0,食入
456,109-74-0,经皮吸收
457,109-76-2,吸入
458,109-76-2,食入
459,109-76-2,经皮吸收
460,109-77-3,吸入
461,109-77-3,食入
462,109-77-3,经皮吸收
463,109-79-5,吸入
464,109-79-5,食入
465,109-86-4,吸入
466,109-86-4,食入
467,109-86-4,经皮吸收
468,109-87-5,吸入
469,109-87-5,食入
470,109-89-7,吸入
471,109-89-7,食入
472,109-89-7,经皮吸收
473,109-93-3,吸入
474,109-93-3,食入
475,109-94-4,吸入
476,109-94-4,食入
477,109-94-4,经皮吸收
478,109-95-5,吸入
479,109-95-5,食入
480,109-99-9,吸入
481,109-99-9,食入
482,109-99-9,经皮吸收
483,110-00-9,吸入
484,110-00-9,食入
485,110-00-9,经皮吸收
486,110-01-0,吸入
487,110-01-0,食入
488,110-18-9,吸入
489,110-18-9,食入
490,110-19-0,吸入
491,110-19-0,食入
492,110-43-0,吸入
493,110-43-0,食入
494,110-43-0,经皮吸收
495,110-45-2,吸入
496,110-45-2,食入
497,110-45-2,经皮吸收
498,110-46-3,吸入
499,110-46-3,食入
500,110-49-6,吸入
501,110-49-6,食入
502,110-49-6,经皮吸收
503,110-53-2,吸入
504,110-53-2,食入
505,110-54-3,吸入
506,110-54-3,食入
507,110-54-3,经皮吸收
508,110-56-5,吸入
509,110-56-5,食入
510,110-58-7,吸入
511,110-58-7,食入
512,110-58-7,经皮吸收
513,110-59-8,吸入
514,110-59-8,食入
515,110-59-8,经皮吸收
516,110-60-1,吸入
517,110-60-1,食入
518,110-60-1,经皮吸收
519,110-61-2,吸入
520,110-61-2,食入
521,110-61-2,经皮吸收
522,110-62-3,吸入
523,110-62-3,食入
524,110-62-3,经皮吸收
525,110-65-6,吸入
526,110-65-6,食入
527,110-66-7,吸入
528,110-66-7,食入
529,110-68-9,吸入
530,110-68-9,食入
531,110-69-0,吸入
532,110-69-0,食入
533,110-71-4,吸入
534,110-71-4,食入
535,110-74-7,吸入
536,110-74-7,食入
537,110-74-7,经皮吸收
538,110-80-5,吸入
539,110-80-5,食入
540,110-80-5,经皮吸收
541,110-82-7,吸入
542,110-82-7,食入
543,110-82-7,经皮吸收
544,110-83-8,吸入
545,110-83-8,食入
546,110-83-8,经皮吸收
547,110-89-4,吸入
548,110-89-4,食入
549,110-89-4,经皮吸收
550,110-91-8,吸入
551,110-91-8,食入
552,110-91-8,经皮吸收
553,110-96-3,吸入
554,110-96-3,食入
555,110-96-3,经皮吸收
556,110-97-4,吸入
557,110-97-4,食入
558,110-97-4,经皮吸收
559,111-15-9,吸入
560,111-15-9,食入
561,111-15-9,经皮吸收
562,111-25-1,吸入
563,111-25-1,食入
564,111-26-2,吸入
565,111-26-2,食入
566,111-26-2,经皮吸收
567,111-42-2,吸入
568,111-42-2,食入
569,111-42-2,经皮吸收
570,111-43-3,吸入
571,111-43-3,食入
572,111-44-4,吸入
573,111-44-4,食入
574,111-44-4,经皮吸收
575,111-47-7,吸入
576,111-47-7,食入
577,111-47-7,经皮吸收
578,111-49-9,吸入
579,111-49-9,食入
580,111-49-9,经皮吸收
581,111-65-9,吸入
582,111-65-9,食入
583,111-66-0,吸入
584,111-66-0,食入
585,111-67-1,吸入
586,111-67-1,食入
587,111-68-2,吸入
588,111-68-2,食入
589,111-68-2,经皮吸收
590,111-69-3,吸入
591,111-69-3,食入
592,111-69-3,经皮吸收
593,111-71-7,吸入
594,111-71-7,食入
595,111-92-2,吸入
596,111-92-2,食入
597,111-92-2,经皮吸收
598,112-24-3,吸入
599,112-24-3,食入
600,112-24-3,经皮吸收
601,112-55-0,吸入
602,112-55-0,食入
603,115-07-1,吸入
604,115-10-6,吸入
605,115-11-7,吸入
606,115-21-9,吸入
607,115-21-9,食入
608,116-14-3,吸入
609,116-15-4,吸入
610,116-54-1,吸入
611,116-54-1,食入
612,116-54-1,经皮吸收
613,1165-48-6,吸入，食入，皮肤接触，眼睛接触。
614,118-69-4,吸入
615,118-69-4,食入
616,118-69-4,经皮吸收
617,118-74-1,吸入
618,118-74-1,食入
619,118-96-7,吸入
620,118-96-7,食入
621,118-96-7,经皮吸收
622,119-26-6,吸入
623,119-26-6,食入
624,119-26-6,经皮吸收
625,119-27-7,吸入
626,119-27-7,食入
627,119-27-7,经皮吸收
628,119-90-4,吸入
629,119-90-4,食入
630,119-90-4,经皮吸收
631,119-93-7,吸入
632,119-93-7,食入
633,119-93-7,经皮吸收
634,120-12-7,吸入
635,120-12-7,食入
636,120-71-8,吸入，食入
637,120-80-9,吸入
638,120-80-9,食入
639,120-80-9,经皮吸收
640,120-82-1,吸入
641,120-82-1,食入
642,120-92-3,吸入
643,120-92-3,食入
644,120-92-3,经皮吸收
645,121-14-2,吸入
646,121-14-2,食入
647,121-14-2,经皮吸收
648,121-44-8,吸入
649,121-44-8,食入
650,121-44-8,经皮吸收
651,121-69-7,吸入
652,121-69-7,食入
653,121-69-7,经皮吸收
654,121-73-3,吸入
655,121-73-3,食入
656,121-73-3,经皮吸收
657,121-75-5,吸入
658,121-75-5,食入
659,121-75-5,经皮吸收
660,12136-45-7,吸入
661,12136-45-7,食入
662,12185-10-3,吸入
663,12185-10-3,食入
664,12185-10-3,经皮吸收
665,122-51-0,吸入
666,122-51-0,食入
667,122-66-7,吸入
668,122-66-7,食入
669,122-80-5,吸入，食入，经皮吸收
670,123-23-9,吸入
671,123-23-9,食入
672,123-30-8,吸入
673,123-30-8,食入
674,123-31-9,吸入
675,123-31-9,食入
676,123-31-9,经皮吸收
677,123-38-6,吸入
678,123-38-6,食入
679,123-38-6,经皮吸收
680,123-51-3,吸入
681,123-51-3,食入
682,123-51-3,经皮吸收
683,123-62-6,吸入
684,123-62-6,食入
685,123-62-6,经皮吸收
686,123-63-7,吸入
687,123-63-7,食入
688,123-66-0,吸入
689,123-66-0,食入
690,123-72-8,吸入
691,123-72-8,食入
692,123-72-8,经皮吸收
693,123-86-4,吸入
694,123-86-4,食入
695,123-88-6,可经消化道
696,123-88-6,呼吸道
697,123-88-6,皮肤与粘膜吸收。
698,123-91-1,吸入
699,123-91-1,食入
700,123-91-1,经皮吸收
701,123-92-2,吸入
702,123-92-2,食入
703,123-92-2,经皮吸收
704,124-09-4,吸入
705,124-09-4,食入
706,124-09-4,经皮吸收
707,124-11-8,吸入
708,124-11-8,食入
709,124-18-5,吸入
710,124-18-5,食入
711,124-38-9,吸入
712,124-40-3,吸入
713,124-47-0,吸入
714,124-47-0,食入
715,124-63-0,吸入
716,124-63-0,食入
717,124-63-0,经皮吸收
718,124-87-8,吸入，食入，皮肤接触，眼睛接触。
719,126-99-8,吸入
720,126-99-8,食入
721,126-99-8,经皮吸收
722,127-18-4,吸入
723,127-18-4,食入
724,127-18-4,经皮吸收
725,127-85-5,吸入
726,127-85-5,食入
727,127-91-3,吸入
728,127-91-3,食入
729,127-91-3,经皮吸收
730,129-79-3,吸入
731,129-79-3,食入
732,1299-86-1,吸入
733,1299-86-1,食入
734,1303-28-2,吸入
735,1303-28-2,食入
736,1303-28-2,经皮吸收
737,1304-29-6,吸入
738,1304-29-6,食入
739,1305-79-9,吸入
740,1305-79-9,食入
741,1306-24-7,吸入
742,1306-24-7,食入
743,131-73-7,吸入
744,131-73-7,食入
745,131-73-7,经皮吸收
746,131-74-8,吸入
747,131-74-8,食入
748,1310-58-3,吸入
749,1310-58-3,食入
750,1310-73-2,吸入
751,1310-73-2,食入
752,1312-73-8,吸入
753,1312-73-8,食入
754,1313-60-6,吸入
755,1313-60-6,食入
756,1313-82-2,吸入
757,1313-82-2,食入
758,13138-45-9,吸入
759,13138-45-9,食入
760,1314-18-7,吸入
761,1314-18-7,食入
762,1314-22-3,吸入
763,1314-22-3,食入
764,1314-41-6,吸入
765,1314-41-6,食入
766,1314-56-3,吸入
767,1314-56-3,食入
768,1314-60-9,吸入
769,1314-60-9,食入
770,1314-80-3,吸入
771,1314-80-3,食入
772,1317-36-8,吸入
773,1317-36-8,食入
774,1327-53-3,吸入
775,1327-53-3,食入
776,1327-53-3,经皮吸收
777,1330-78-5,吸入
778,1330-78-5,食入
779,1330-78-5,经皮吸收
780,13327-32-7,吸入
781,13327-32-7,食入
782,1333-82-0,吸入
783,1333-82-0,食入
784,1333-82-0,经皮吸收
785,1336-21-6,吸入
786,1336-21-6,食入
787,134-32-7,吸入
788,134-32-7,食入
789,134-32-7,经皮吸收
790,13400-13-0,吸入
791,13400-13-0,食入
792,13446-09-8,吸入
793,13446-09-8,食入
794,13446-74-7,吸入
795,13446-74-7,食入
796,1345-04-6,吸入
797,1345-04-6,食入
798,13455-24-8,吸入
799,13455-24-8,食入
800,13465-95-7,吸入
801,13465-95-7,食入
802,13470-01-4,吸入
803,13470-01-4,食入
804,13477-00-4,吸入
805,13477-00-4,食入
806,13477-36-6,吸入
807,13477-36-6,食入
808,135-01-3,吸入
809,135-01-3,食入
810,135-88-6,吸入
811,135-88-6,食入
812,135-98-8,吸入
813,135-98-8,食入
814,135-98-8,经皮吸收
815,13597-99-4,吸入
816,13597-99-4,食入
817,13598-36-2,吸入
818,13598-36-2,食入
819,13637-76-8,吸入
820,13637-76-8,食入
821,13765-03-2,吸入
822,13765-03-2,食入
823,13780-06-8,吸入
824,13780-06-8,食入
825,138-86-3,吸入
826,138-86-3,食入
827,13863-41-7,吸入
828,139-02-6,吸入
829,139-02-6,食入
830,13967-90-3,吸入
831,13967-90-3,食入
832,1397-94-0,吸入，食入，皮肤接触，眼睛接触。
833,140-29-4,吸入
834,140-29-4,食入
835,140-29-4,经皮吸收
836,140-88-5,吸入
837,140-88-5,食入
838,140-88-5,经皮吸收
839,1402-38-6,吸入，食入，皮肤接触，眼睛接触。
840,141-32-2,吸入
841,141-32-2,食入
842,141-32-2,经皮吸收
843,141-78-6,吸入
844,141-78-6,食入
845,141-93-5,吸入
846,141-93-5,食入
847,142-28-9,吸入
848,142-28-9,食入
849,142-28-9,经皮吸收
850,142-29-0,吸入
851,142-29-0,食入
852,142-29-0,经皮吸收
853,142-59-6,吸入
854,142-59-6,食入
855,142-82-5,吸入
856,142-82-5,食入
857,142-96-1,吸入
858,142-96-1,食入
859,1421-68-7,吸入，食入，皮肤接触，眼睛接触。
860,143-33-9,吸入
861,143-33-9,食入
862,143-33-9,经皮吸收
863,144-49-0,吸入
864,144-49-0,食入
865,144-49-0,经皮吸收
866,14518-94-6,吸入
867,14518-94-6,食入
868,14519-07-4,吸入
869,14519-07-4,食入
870,14519-18-7,吸入
871,14519-18-7,食入
872,148-82-3,吸入，食入，皮肤接触，眼睛接触。
873,149-74-6,吸入
874,149-74-6,食入
875,14977-61-8,吸入
876,14977-61-8,食入
877,14977-61-8,经皮吸收
878,151-50-8,吸入
879,151-50-8,食入
880,151-50-8,经皮吸收
881,15180-03-7,吸入，食入，皮肤接触，眼睛接触。
882,15232-76-5,吸入
883,15232-76-5,食入
884,15271-41-7,吸入，食入，皮肤接触，眼睛接触。
885,15593-61-0,吸入
886,15593-61-0,食入
887,15593-61-0,经皮吸收
888,1569-69-3,吸入
889,1569-69-3,食入
890,1569-69-3,经皮吸收
891,1634-04-4,吸入
892,1634-04-4,食入
893,1640-89-7,吸入
894,1640-89-7,食入
895,1666-13-3,吸入，食入，经皮吸收
896,1678-91-7,吸入
897,1678-91-7,食入
898,1678-93-9,吸入
899,1678-93-9,食入
900,16853-85-3,吸入
901,16853-85-3,食入
902,16872-11-0,吸入
903,16872-11-0,食入
904,16961-83-4,吸入
905,16961-83-4,食入
906,17014-71-0,吸入
907,17014-71-0,食入
908,1712-64-7,吸入
909,1712-64-7,食入
910,17194-00-2,吸入
911,17194-00-2,食入
912,1721-93-3,吸入，食入.经皮吸收
913,1746-01-6,吸入，食入，皮肤接触，眼睛接触。
914,17702-41-9,吸入
915,17702-41-9,食入
916,17702-41-9,经皮吸收
917,1789-58-8,吸入
918,1789-58-8,食入
919,19287-45-7,吸入
920,19624-22-7,吸入
921,19624-22-7,食入
922,19624-22-7,经皮吸收
923,1983-10-4,吸入，食入，经皮吸收
924,20324-26-9,吸入
925,20324-26-9,食入
926,20324-26-9,经皮吸收
927,2040-95-1,吸入
928,2040-95-1,食入
929,2050-60-4,吸入
930,2050-60-4,食入
931,2050-60-4,经皮吸收
932,2050-92-2,吸入
933,2050-92-2,食入
934,2050-92-2,经皮吸收
935,20694-39-7,吸入
936,20694-39-7,食入
937,20830-75-5,吸入，食入，皮肤接触，眼睛接触。
938,20859-73-8,吸入
939,20859-73-8,食入
940,21109-95-5,吸入
941,21109-95-5,食入
942,21923-23-9,吸入，食入，经皮吸收
943,2235-25-8,吸入
944,2235-25-8,食入
945,2235-25-8,经皮吸收
946,2315-02-8,吸入，食入，皮肤接触，眼睛接触。
947,23255-69-8,吸入，食入，皮肤接触，眼睛接触。
948,24279-91-2,吸入，食入，皮肤接触，眼睛接触。
949,2452-99-5,吸入
950,2452-99-5,食入
951,2493-02-9,吸入，食入
952,25109-57-3,吸入，食入，经皮吸收
953,2551-62-4,吸入
954,25550-55-4,吸入
955,25550-55-4,食入
956,25550-55-4,经皮吸收
957,25659-31-8,吸入
958,25659-31-8,食入
959,2571-22-4,吸入，食入，皮肤接触，眼睛接触。
960,2588-03-6,吸入，食入，皮肤接触，眼睛接触。
961,26628-22-8,吸入
962,26628-22-8,食入
963,26628-22-8,经皮吸收
964,2696-92-6,吸入
965,27152-57-4,吸入
966,27152-57-4,食入
967,27152-57-4,经皮吸收
968,2809-67-8,吸入
969,2809-67-8,食入
970,287-92-3,吸入
971,287-92-3,食入
972,291-64-5,吸入
973,291-64-5,食入
974,292-64-8,吸入
975,292-64-8,食入
976,298-00-0,吸入
977,298-00-0,食入
978,298-00-0,经皮吸收
979,298-02-2,吸入
980,298-02-2,食入
981,298-02-2,经皮吸收
982,300-76-5,吸入
983,300-76-5,食入
984,300-76-5,经皮吸收
985,3018-12-0,吸入
986,3018-12-0,食入
987,3018-12-0,经皮吸收
988,302-01-2,吸入
989,302-01-2,食入
990,302-01-2,经皮吸收
991,302-27-2,吸入，食入，皮肤接触，眼睛接触。
992,3034-19-3,吸入
993,3034-19-3,食入
994,30685-43-9,吸入，食入，皮肤接触，眼睛接触。
995,3087-36-3,吸入
996,3087-36-3,食入
997,3087-37-4,吸入
998,3087-37-4,食入
999,3087-37-4,经皮吸收
1000,311-45-5,吸入，食入，皮肤接触，眼睛接触。
1001,3132-64-7,吸入
1002,3132-64-7,食入
1003,3153-36-4,吸入
1004,3153-36-4,食入
1005,3179-63-3,吸入
1006,3179-63-3,食入
1007,31876-38-7,吸入，食入，皮肤接触，眼睛接触。
1008,3188-13-4,吸入
1009,3188-13-4,食入
1010,3254-63-5,吸入，食入，皮肤接触，眼睛接触。
1011,334-88-3,吸入
1012,34018-28-5,吸入
1013,34018-28-5,食入
1014,352-32-9,吸入
1015,352-32-9,食入
1016,352-93-2,吸入
1017,352-93-2,食入
1018,352-93-2,经皮吸收
1019,3522-94-9,吸入
1020,3522-94-9,食入
1021,35223-80-4,吸入
1022,35223-80-4,食入
1023,35223-80-4,经皮吸收
1024,353-36-6,吸入
1025,35523-89-8,吸入，食入，皮肤接触，眼睛接触。
1026,357-57-3,吸入，食入，皮肤接触，眼睛接触。
1027,367-11-3,吸入
1028,367-11-3,食入
1029,367-11-3,经皮吸收
1030,371-40-4,吸入
1031,371-40-4,食入
1032,371-40-4,经皮吸收
1033,372-09-8,吸入
1034,372-09-8,食入
1035,372-09-8,经皮吸收
1036,372-18-9,吸入
1037,372-18-9,食入
1038,372-18-9,经皮吸收
1039,37203-43-3,吸入，食入，皮肤接触，眼睛接触。
1040,3811-04-9,吸入
1041,3811-04-9,食入
1042,3982-91-0,吸入
1043,3982-91-0,食入
1044,407-25-0,吸入
1045,407-25-0,食入
1046,4109-96-0,吸入
1047,4170-30-3,吸入
1048,4170-30-3,食入
1049,4170-30-3,经皮吸收
1050,420-46-2,吸入
1051,462-06-6,吸入
1052,462-06-6,食入
1053,462-94-2,吸入
1054,462-94-2,食入
1055,463-49-0,吸入
1056,463-82-1,吸入
1057,479-45-8,吸入
1058,479-45-8,食入
1059,479-45-8,经皮吸收
1060,489-98-5,吸入
1061,489-98-5,食入
1062,489-98-5,经皮吸收
1063,50-00-0,吸入
1064,50-00-0,食入
1065,50-07-7,吸入，食入，皮肤接触，眼睛接触。
1066,50-76-0,吸入，食入，皮肤接触，眼睛接触。
1067,502-39-6,吸入，食入，皮肤接触，眼睛接触。
1068,502-42-1,吸入
1069,502-42-1,食入
1070,5026-76-6,吸入
1071,5026-76-6,食入
1072,503-17-3,吸入
1073,503-17-3,食入
1074,504-24-5,吸入
1075,504-24-5,食入
1076,504-60-9,吸入
1077,504-60-9,食入
1078,506-64-9,吸入
1079,506-64-9,食入
1080,506-68-3,吸入
1081,506-68-3,食入
1082,506-77-4,吸入
1083,506-77-4,食入
1084,506-77-4,经皮吸收
1085,506-93-4,吸入
1086,506-93-4,食入
1087,507-09-5,吸入
1088,507-09-5,食入
1089,507-09-5,经皮吸收
1090,507-60-8,吸入，食入，皮肤接触，眼睛接触。
1091,509-14-8,吸入
1092,509-14-8,食入
1093,509-14-8,经皮吸收
1094,51-28-5,吸入
1095,51-28-5,食入
1096,51-28-5,经皮吸收
1097,51-43-4,吸入，食入，皮肤接触，眼睛接触。
1098,51-83-2,吸入，食入，皮肤接触，眼睛接触。
1099,513-35-9,吸入
1100,513-35-9,食入
1101,513-38-2,吸入
1102,513-38-2,食入
1103,513-44-0,吸入
1104,513-44-0,食入
1105,519-44-8,吸入
1106,519-44-8,食入
1107,52-68-6,吸入
1108,52-68-6,食入
1109,52-68-6,经皮吸收
1110,52-85-7,吸入，食入，皮肤接触，眼睛接触。
1111,526-73-8,吸入
1112,526-73-8,食入
1113,528-29-0,吸入
1114,528-29-0,食入
1115,528-29-0,经皮吸收
1116,5292-43-3,吸入
1117,5292-43-3,食入
1118,5292-43-3,经皮吸收
1119,5329-14-6,吸入
1120,5329-14-6,食入
1121,534-07-6,吸入
1122,534-07-6,食入
1123,534-07-6,经皮吸收
1124,536-74-3,吸入
1125,536-74-3,食入
1126,539-82-2,吸入
1127,539-82-2,食入
1128,540-18-1,吸入
1129,540-18-1,食入
1130,540-18-1,经皮吸收
1131,540-36-3,吸入
1132,540-36-3,食入
1133,540-36-3,经皮吸收
1134,540-42-1,吸入
1135,540-42-1,食入
1136,540-51-2,吸入
1137,540-51-2,食入
1138,540-54-5,吸入
1139,540-54-5,食入
1140,540-59-0,吸入
1141,540-59-0,食入
1142,540-67-0,吸入
1143,540-73-8,吸入
1144,540-73-8,食入
1145,540-73-8,经皮吸收
1146,540-84-1,吸入
1147,540-84-1,食入
1148,540-88-5,吸入
1149,540-88-5,食入
1150,541-31-1,吸入
1151,541-31-1,食入
1152,541-41-3,吸入
1153,541-41-3,食入
1154,541-42-4,吸入
1155,541-42-4,食入
1156,541-73-1,吸入
1157,541-73-1,食入
1158,541-88-8,吸入
1159,541-88-8,食入
1160,541-88-8,经皮吸收
1161,542-55-2,吸入
1162,542-55-2,食入
1163,542-56-3,吸入
1164,542-56-3,食入
1165,542-62-1,吸入
1166,542-62-1,食入
1167,542-62-1,经皮吸收
1168,542-69-8,吸入
1169,542-69-8,食入
1170,542-69-8,经皮吸收
1171,542-75-6,吸入
1172,542-75-6,食入
1173,542-75-6,经皮吸收
1174,542-76-7,吸入
1175,542-76-7,食入
1176,542-76-7,经皮吸收
1177,542-88-1,吸入
1178,542-88-1,食入
1179,542-90-5,吸入
1180,542-90-5,食入
1181,542-90-5,经皮吸收
1182,542-92-7,吸入
1183,542-92-7,食入
1184,543-20-4,吸入
1185,543-20-4,食入
1186,543-27-1,吸入
1187,543-27-1,食入
1188,543-27-1,经皮吸收
1189,543-67-9,吸入
1190,543-67-9,食入
1191,544-01-4,吸入
1192,544-01-4,食入
1193,544-01-4,经皮吸收
1194,544-10-5,吸入
1195,544-10-5,食入
1196,544-13-8,吸入
1197,544-13-8,食入
1198,544-13-8,经皮吸收
1199,544-16-1,吸入
1200,544-16-1,食入
1201,544-92-3,吸入
1202,544-92-3,食入
1203,544-92-3,经皮吸收
1204,545-06-2,吸入
1205,545-06-2,食入
1206,545-06-2,经皮吸收
1207,545-55-1,吸入，食入，皮肤接触，眼睛接触。
1208,546-68-9,吸入
1209,546-68-9,食入
1210,547-64-8,吸入
1211,547-64-8,食入
1212,55-63-0,吸入
1213,55-63-0,食入
1214,55-63-0,经皮吸收
1215,553-90-2,吸入
1216,553-90-2,食入
1217,553-90-2,经皮吸收
1218,554-00-7,吸入
1219,554-00-7,食入
1220,554-00-7,经皮吸收
1221,554-12-1,吸入
1222,554-12-1,食入
1223,554-84-7,吸入
1224,554-84-7,食入
1225,554-84-7,经皮吸收
1226,555-03-3,吸入
1227,555-03-3,食入
1228,556-64-9,吸入
1229,556-64-9,食入
1230,556-64-9,经皮吸收
1231,556-88-7,吸入
1232,556-88-7,食入
1233,556-88-7,经皮吸收
1234,557-21-1,吸入
1235,557-21-1,食入
1236,557-21-1,经皮吸收
1237,557-98-2,吸入
1238,557-98-2,食入
1239,558-13-4,吸入
1240,558-13-4,食入
1241,558-17-8,吸入
1242,558-17-8,食入
1243,558-25-8,吸入，食入，皮肤接触，眼睛接触。
1244,56-23-5,吸入
1245,56-23-5,食入
1246,56-23-5,经皮吸收
1247,56-38-2,吸入
1248,56-38-2,食入
1249,56-38-2,经皮吸收
1250,562-49-2,吸入
1251,562-49-2,食入
1252,5628-99-9,吸入，食入，皮肤接触，眼睛接触。
1253,563-12-2,吸入
1254,563-12-2,食入
1255,563-12-2,经皮吸收
1256,563-46-2,吸入
1257,563-46-2,食入
1258,563-54-2,吸入
1259,563-54-2,食入
1260,563-54-2,经皮吸收
1261,563-80-4,吸入
1262,563-80-4,食入
1263,564-02-3,吸入
1264,564-02-3,食入
1265,565-59-3,吸入
1266,565-59-3,食入
1267,565-75-3,吸入
1268,565-75-3,食入
1269,57-06-7,吸入
1270,57-06-7,食入
1271,57-06-7,经皮吸收
1272,57-14-7,吸入
1273,57-14-7,食入
1274,57-14-7,经皮吸收
1275,576-24-9,吸入，食入，经皮吸收
1276,577-19-5,吸入
1277,577-19-5,食入
1278,577-19-5,经皮吸收
1279,578-54-1,吸入
1280,578-54-1,食入
1281,578-54-1,经皮吸收
1282,581-64-6,吸入，食入，皮肤接触，眼睛接触。
1283,581-89-5,吸入
1284,581-89-5,食入
1285,581-89-5,经皮吸收
1286,584-94-1,吸入
1287,584-94-1,食入
1288,586-78-7,吸入
1289,586-78-7,食入
1290,586-78-7,经皮吸收
1291,587-85-9,吸入
1292,587-85-9,食入
1293,587-85-9,经皮吸收
1294,589-38-8,吸入
1295,589-38-8,食入
1296,589-43-5,吸入
1297,589-43-5,食入
1298,590-01-2,吸入
1299,590-01-2,食入
1300,590-35-2,吸入
1301,590-35-2,食入
1302,590-66-9,吸入
1303,590-66-9,食入
1304,590-73-8,吸入
1305,590-73-8,食入
1306,590-86-3,吸入
1307,590-86-3,食入
1308,590-86-3,经皮吸收
1309,591-19-5,吸入，食入，经皮吸收
1310,591-22-0,吸入
1311,591-22-0,食入
1312,591-22-0,经皮吸收
1313,591-27-5,吸入
1314,591-27-5,食入
1315,591-76-4,吸入
1316,591-76-4,食入
1317,591-93-5,吸入
1318,591-93-5,食入
1319,592-01-8,吸入
1320,592-01-8,食入
1321,592-01-8,经皮吸收
1322,592-04-1,吸入
1323,592-04-1,食入
1324,592-04-1,经皮吸收
1325,592-34-7,吸入
1326,592-34-7,食入
1327,592-34-7,经皮吸收
1328,592-41-6,吸入
1329,592-41-6,食入
1330,592-42-7,吸入
1331,592-42-7,食入
1332,592-45-0,吸入
1333,592-45-0,食入
1334,592-57-4,吸入
1335,592-57-4,食入
1336,592-76-7,吸入
1337,592-76-7,食入
1338,592-77-8,吸入
1339,592-77-8,食入
1340,592-77-8,经皮吸收
1341,592-78-9,吸入
1342,592-78-9,食入
1343,592-84-7,吸入
1344,592-84-7,食入
1345,592-84-7,经皮吸收
1346,593-53-3,吸入
1347,593-60-2,吸入
1348,593-60-2,食入
1349,597-64-8,吸入，食入，经皮吸收
1350,598-16-3,吸入
1351,598-16-3,食入
1352,598-31-2,吸入
1353,598-31-2,食入
1354,598-31-2,经皮吸收
1355,598-72-1,吸入
1356,598-72-1,食入
1357,598-78-7,吸入
1358,598-78-7,食入
1359,598-78-7,经皮吸收
1360,60-29-7,吸入
1361,60-29-7,食入
1362,60-29-7,经皮吸收
1363,60-34-4,吸入
1364,60-34-4,食入
1365,60-34-4,经皮吸收
1366,60-57-1,吸入
1367,60-57-1,食入
1368,60-57-1,经皮吸收
1369,603-35-0,吸入
1370,603-35-0,食入
1371,6032-29-7,吸入
1372,6032-29-7,食入
1373,6032-29-7,经皮吸收
1374,605-69-6,吸入
1375,605-69-6,食入
1376,605-69-6,经皮吸收
1377,606-22-4,吸入
1378,606-22-4,食入
1379,606-22-4,经皮吸收
1380,608-27-5,吸入
1381,608-27-5,食入
1382,608-27-5,经皮吸收
1383,608-31-1,吸入
1384,608-31-1,食入
1385,608-31-1,经皮吸收
1386,609-73-4,吸入
1387,609-73-4,食入
1388,609-73-4,经皮吸收
1389,610-67-3,吸入
1390,610-67-3,食入
1391,612-22-6,吸入
1392,612-22-6,食入
1393,612-22-6,经皮吸收
1394,6125-21-9,吸入
1395,6125-21-9,食入
1396,616-38-6,吸入
1397,616-38-6,食入
1398,616-38-6,经皮吸收
1399,6164-98-3,吸入
1400,6164-98-3,食入
1401,6164-98-3,经皮吸收
1402,617-85-6,吸入
1403,617-85-6,食入
1404,618-87-1,吸入
1405,618-87-1,食入
1406,618-87-1,经皮吸收
1407,619-80-7,吸入
1408,619-80-7,食入
1409,62-53-3,吸入
1410,62-53-3,食入
1411,62-53-3,经皮吸收
1412,62-56-6,吸入
1413,62-56-6,食入
1414,62-56-6,经皮吸收
1415,62-73-7,吸入
1416,62-73-7,食入
1417,62-73-7,经皮吸收
1418,622-97-9,吸入
1419,622-97-9,食入
1420,622-97-9,经皮吸收
1421,623-42-7,吸入
1422,623-42-7,食入
1423,623-42-7,经皮吸收
1424,623-96-1,吸入
1425,623-96-1,食入
1426,624-54-4,吸入
1427,624-54-4,食入
1428,624-83-9,吸入
1429,624-83-9,食入
1430,624-83-9,经皮吸收
1431,624-91-9,吸入
1432,625-28-5,吸入
1433,625-28-5,食入
1434,625-28-5,经皮吸收
1435,625-59-2,吸入
1436,625-59-2,食入
1437,626-93-7,吸入
1438,626-93-7,食入
1439,626-93-7,经皮吸收
1440,627-05-4,吸入
1441,627-05-4,食入
1442,627-13-4,吸入
1443,627-13-4,食入
1444,627-19-0,吸入
1445,627-19-0,食入
1446,628-17-1,吸入
1447,628-17-1,食入
1448,628-17-1,经皮吸收
1449,628-28-4,吸入
1450,628-28-4,食入
1451,628-32-0,吸入
1452,628-32-0,食入
1453,628-41-1,吸入
1454,628-41-1,食入
1455,628-63-7,吸入
1456,628-63-7,食入
1457,628-71-7,吸入
1458,628-71-7,食入
1459,628-73-9,吸入
1460,628-73-9,食入
1461,628-73-9,经皮吸收
1462,628-76-2,吸入
1463,628-76-2,食入
1464,629-05-0,吸入
1465,629-05-0,食入
1466,629-20-9,吸入
1467,629-20-9,食入
1468,629-33-4,吸入
1469,629-33-4,食入
1470,630-08-0,吸入
1471,6303-21-5,吸入
1472,6303-21-5,食入
1473,634-66-2,吸入
1474,634-66-2,食入
1475,634-90-2,吸入
1476,634-90-2,食入
1477,634-93-5,吸入
1478,634-93-5,食入
1479,634-93-5,经皮吸收
1480,636-30-6,吸入
1481,636-30-6,食入
1482,636-30-6,经皮吸收
1483,638-11-9,吸入
1484,638-11-9,食入
1485,638-11-9,经皮吸收
1486,638-49-3,吸入
1487,638-49-3,食入
1488,638-49-3,经皮吸收
1489,64-00-6,吸入，食入，皮肤接触，眼睛接触。
1490,64-17-5,吸入
1491,64-17-5,食入
1492,64-18-6,吸入
1493,64-18-6,食入
1494,64-19-7,吸入
1495,64-19-7,食入
1496,64-19-7,经皮吸收
1497,64-67-5,吸入
1498,64-67-5,食入
1499,64-67-5,经皮吸收
1500,64-69-7,吸入
1501,64-69-7,食入
1502,64-69-7,经皮吸收
1503,64013-16-7,吸入
1504,64013-16-7,食入
1505,644-49-5,吸入
1506,644-49-5,食入
1507,646-06-0,吸入
1508,646-06-0,食入
1509,6484-52-2,吸入
1510,6484-52-2,食入
1511,67-56-1,吸入
1512,67-56-1,食入
1513,67-56-1,经皮吸收
1514,67-63-0,吸入
1515,67-63-0,食入
1516,67-63-0,经皮吸收
1517,67-64-1,吸入
1518,67-64-1,食入
1519,67-64-1,经皮吸收
1520,67-66-3,吸入
1521,67-66-3,食入
1522,67-66-3,经皮吸收
1523,67-72-1,吸入
1524,67-72-1,食入
1525,67-72-1,经皮吸收
1526,674-82-8,吸入
1527,674-82-8,食入
1528,674-82-8,经皮吸收
1529,68-11-1,吸入
1530,68-11-1,食入
1531,68-11-1,经皮吸收
1532,68-12-2,吸入
1533,68-12-2,食入
1534,68-12-2,经皮吸收
1535,681-84-5,吸入
1536,681-84-5,食入
1537,68476-85-7,吸入
1538,693-02-7,吸入
1539,693-02-7,食入
1540,694-05-3,吸入
1541,694-05-3,食入
1542,70-34-8,吸入
1543,70-34-8,食入
1544,71-23-8,吸入
1545,71-23-8,食入
1546,71-23-8,经皮吸收
1547,71-36-3,吸入
1548,71-36-3,食入
1549,71-36-3,经皮吸收
1550,71-41-0,吸入
1551,71-41-0,食入
1552,71-41-0,经皮吸收
1553,71-43-2,吸入
1554,71-43-2,食入
1555,71-43-2,经皮吸收
1556,71-55-6,吸入
1557,71-55-6,食入
1558,71-55-6,经皮吸收
1559,74-82-8,吸入
1560,74-83-9,吸入
1561,74-83-9,食入
1562,74-83-9,经皮吸收
1563,74-84-0,吸入
1564,74-85-1,吸入
1565,74-86-2,吸入
1566,74-87-3,吸入
1567,74-88-4,吸入
1568,74-88-4,食入
1569,74-88-4,经皮吸收
1570,74-89-5,吸入
1571,74-90-8,吸入
1572,74-90-8,食入
1573,74-90-8,经皮吸收
1574,74-93-1,吸入
1575,74-95-3,吸入
1576,74-95-3,食入
1577,74-96-4,吸入
1578,74-96-4,食入
1579,74-96-4,经皮吸收
1580,74-97-5,吸入
1581,74-97-5,食入
1582,74-98-6,吸入
1583,7429-90-5,吸入
1584,7429-90-5,食入
1585,7439-93-2,吸入
1586,7439-93-2,食入
1587,7439-95-4,吸入
1588,7439-95-4,食入
1589,7440-01-9,吸入
1590,7440-09-7,吸入
1591,7440-09-7,食入
1592,7440-17-7,吸入
1593,7440-17-7,食入
1594,7440-21-3,吸入
1595,7440-21-3,食入
1596,7440-23-5,吸入
1597,7440-23-5,食入
1598,7440-24-6,吸入
1599,7440-24-6,食入
1600,7440-28-0,吸入
1601,7440-28-0,食入
1602,7440-32-6,吸入
1603,7440-32-6,食入
1604,7440-36-0,吸入
1605,7440-36-0,食入
1606,7440-37-1,吸入
1607,7440-38-2,吸入
1608,7440-38-2,食入
1609,7440-38-2,经皮吸收
1610,7440-39-3,吸入
1611,7440-39-3,食入
1612,7440-41-7,吸入
1613,7440-41-7,食入
1614,7440-46-2,吸入
1615,7440-46-2,食入
1616,7440-59-7,吸入
1617,7440-63-3,吸入
1618,7440-66-6,吸入
1619,7440-66-6,食入
1620,7440-67-7,吸入
1621,7440-67-7,食入
1622,7440-70-2,吸入
1623,7440-70-2,食入
1624,7446-08-4,吸入，食入
1625,7446-09-5,吸入
1626,7446-70-0,吸入
1627,7446-70-0,食入
1628,7446-70-0,经皮吸收
1629,7487-94-7,吸入
1630,7487-94-7,食入
1631,7487-94-7,经皮吸收
1632,75-00-3,吸入
1633,75-01-4,吸入
1634,75-02-5,吸入
1635,75-03-6,吸入
1636,75-03-6,食入
1637,75-03-6,经皮吸收
1638,75-04-7,吸入
1639,75-04-7,食入
1640,75-04-7,经皮吸收
1641,75-05-8,吸入
1642,75-05-8,食入
1643,75-05-8,经皮吸收
1644,75-07-0,吸入
1645,75-07-0,食入
1646,75-09-2,吸入
1647,75-09-2,食入
1648,75-09-2,经皮吸收
1649,75-11-6,吸入
1650,75-11-6,食入
1651,75-15-0,吸入
1652,75-15-0,食入
1653,75-15-0,经皮吸收
1654,75-18-3,吸入
1655,75-18-3,食入
1656,75-18-3,经皮吸收
1657,75-19-4,吸入
1658,75-20-7,吸入
1659,75-20-7,食入
1660,75-21-8,吸入
1661,75-21-8,食入
1662,75-21-8,经皮吸收
1663,75-25-2,吸入
1664,75-25-2,食入
1665,75-26-3,吸入
1666,75-26-3,食入
1667,75-28-5,吸入
1668,75-29-6,吸入
1669,75-29-6,食入
1670,75-31-0,吸入
1671,75-31-0,食入
1672,75-34-3,吸入
1673,75-34-3,食入
1674,75-34-3,经皮吸收
1675,75-35-4,吸入
1676,75-35-4,食入
1677,75-36-5,吸入
1678,75-36-5,食入
1679,75-37-6,吸入
1680,75-38-7,吸入
1681,75-43-4,吸入
1682,75-44-5,吸入
1683,75-45-6,吸入
1684,75-46-7,吸入
1685,75-47-8,吸入
1686,75-47-8,食入
1687,75-47-8,经皮吸收
1688,75-50-3,吸入
1689,75-52-5,吸入
1690,75-52-5,食入
1691,75-54-7,吸入
1692,75-54-7,食入
1693,75-56-9,吸入
1694,75-56-9,食入
1695,75-56-9,经皮吸收
1696,75-64-9,吸入
1697,75-64-9,食入
1698,75-65-0,吸入
1699,75-65-0,食入
1700,75-65-0,经皮吸收
1701,75-66-1,吸入
1702,75-66-1,食入
1703,75-68-3,吸入
1704,75-69-4,吸入
1705,75-71-8,吸入
1706,75-72-9,吸入
1707,75-73-0,吸入
1708,75-76-3,吸入
1709,75-76-3,食入
1710,75-77-4,吸入
1711,75-77-4,食入
1712,75-78-5,吸入
1713,75-78-5,食入
1714,75-79-6,吸入
1715,75-79-6,食入
1716,75-79-6,经皮吸收
1717,75-83-2,吸入
1718,75-83-2,食入
1719,75-87-6,吸入
1720,75-87-6,食入
1721,75-88-7,吸入
1722,75-89-8,吸入
1723,75-89-8,食入
1724,75-89-8,经皮吸收
1725,75-91-2,吸入
1726,75-91-2,食入
1727,75-91-2,经皮吸收
1728,75-94-5,吸入
1729,75-94-5,食入
1730,75-96-7,吸入
1731,75-96-7,食入
1732,75-97-8,吸入
1733,75-97-8,食入
1734,75-97-8,经皮吸收
1735,7550-45-0,吸入
1736,7550-45-0,食入
1737,12136-45-7,吸入
1738,12136-45-7,食入
1739,76-01-7,吸入
1740,76-01-7,食入
1741,76-01-7,经皮吸收
1742,76-03-9,吸入
1743,76-03-9,食入
1744,76-03-9,经皮吸收
1745,76-05-1,吸入
1746,76-05-1,食入
1747,76-05-1,经皮吸收
1748,76-06-2,吸入
1749,76-06-2,食入
1750,76-14-2,吸入
1751,76-15-3,吸入
1752,7601-89-0,吸入
1753,7601-89-0,食入
1754,7601-90-3,吸入
1755,7601-90-3,食入
1756,7631-99-4,吸入
1757,7631-99-4,食入
1758,7631-99-4,经皮吸收
1759,7632-00-0,吸入
1760,7632-00-0,食入
1761,7632-00-0,经皮吸收
1762,7637-07-2,吸入
1763,7645-25-2,吸入
1764,7645-25-2,食入
1765,7645-25-2,经皮吸收
1766,7646-69-7,吸入
1767,7646-69-7,食入
1768,7646-78-8,吸入
1769,7646-78-8,食入
1770,7647-01-0,吸入
1771,7647-01-0,食入
1772,7647-18-9,吸入
1773,7647-18-9,食入
1774,7647-19-0,吸入
1775,766-09-6,吸入
1776,766-09-6,食入
1777,7664-38-2,吸入
1778,7664-38-2,食入
1779,7664-39-3,吸入
1780,7664-41-7,吸入
1781,7664-93-9,吸入
1782,7664-93-9,食入
1783,7681-49-4,吸入
1784,7681-49-4,食入
1785,7681-52-9,吸入
1786,7681-52-9,食入
1787,7681-55-2,吸入
1788,7681-55-2,食入
1789,7693-26-7,吸入
1790,7693-26-7,食入
1791,7697-37-2,吸入
1792,7697-37-2,食入
1793,77-76-9,吸入
1794,77-76-9,食入
1795,77-77-0,吸入，食入，皮肤接触，眼睛接触。
1796,77-78-1,吸入
1797,77-78-1,食入
1798,77-78-1,经皮吸收
1799,7704-34-9,吸入
1800,7704-34-9,食入
1801,7705-07-9,吸入
1802,7705-07-9,食入
1803,7705-08-0,吸入
1804,7705-08-0,食入
1805,7719-09-7,吸入
1806,7719-09-7,食入
1807,7719-12-2,吸入
1808,7719-12-2,食入
1809,7722-64-7,吸入
1810,7722-64-7,食入
1811,7722-84-1,吸入
1812,7722-84-1,食入
1813,7723-14-0,吸入
1814,7723-14-0,食入
1815,7726-95-6,吸入
1816,7726-95-6,食入
1817,7726-95-6,经皮吸收
1818,7727-15-3,吸入
1819,7727-15-3,食入
1820,7727-21-1,吸入
1821,7727-21-1,食入
1822,7727-37-9,吸入
1823,7727-54-0,吸入
1824,7727-54-0,食入
1825,7757-79-1,吸入
1826,7757-79-1,食入
1827,7758-01-2,吸入
1828,7758-01-2,食入
1829,7758-05-6,吸入
1830,7758-05-6,食入
1831,7758-09-0,吸入
1832,7758-09-0,食入
1833,7761-88-8,吸入
1834,7761-88-8,食入
1835,7774-29-0,吸入
1836,7774-29-0,食入
1837,7774-29-0,经皮吸收
1838,7775-09-9,吸入
1839,7775-09-9,食入
1840,7775-14-6,吸入
1841,7775-14-6,食入
1842,7775-27-1,吸入
1843,7775-27-1,食入
1844,7778-39-4,吸入
1845,7778-39-4,食入
1846,7778-39-4,经皮吸收
1847,7778-43-0,吸入
1848,7778-43-0,食入
1849,7778-43-0,经皮吸收
1850,7778-44-1,吸入
1851,7778-44-1,食入
1852,7778-44-1,经皮吸收
1853,7778-50-9,吸入
1854,7778-50-9,食入
1855,7778-50-9,经皮吸收
1856,7778-54-3,吸入
1857,7778-54-3,食入
1858,7778-74-7,吸入
1859,7778-74-7,食入
1860,7779-88-6,吸入
1861,7779-88-6,食入
1862,7782-41-4,吸入
1863,7782-44-7,吸入
1864,7782-50-5,吸入
1865,7782-68-5,吸入
1866,7782-68-5,食入
1867,7782-82-3,吸入
1868,7782-82-3,食入
1869,7782-82-3,经皮吸收
1870,7782-86-7,吸入
1871,7782-86-7,食入
1872,7782-86-7,经皮吸收
1873,7782-99-2,吸入
1874,7782-99-2,食入
1875,7783-00-8,吸入
1876,7783-00-8,食入
1877,7783-00-8,经皮吸收
1878,7783-06-4,吸入
1879,7783-08-6,吸入
1880,7783-08-6,食入
1881,7783-08-6,经皮吸收
1882,7783-41-7,吸入
1883,7783-46-2,吸入
1884,7783-46-2,食入
1885,7783-49-5,吸入
1886,7783-49-5,食入
1887,7783-54-2,吸入
1888,7783-56-4,吸入
1889,7783-56-4,食入
1890,7783-61-1,吸入
1891,7783-89-3,吸入
1892,7783-89-3,食入
1893,7783-93-9,吸入
1894,7783-93-9,食入
1895,7783-97-3,吸入
1896,7783-97-3,食入
1897,7784-27-2,吸入
1898,7784-27-2,食入
1899,7784-34-1,吸入
1900,7784-34-1,食入
1901,7784-34-1,经皮吸收
1902,7784-35-2,吸入
1903,7784-35-2,食入
1904,7784-35-2,经皮吸收
1905,7784-42-1,吸入
1906,7784-45-4,吸入
1907,7784-45-4,食入
1908,7784-45-4,经皮吸收
1909,7784-46-5,吸入
1910,7784-46-5,食入
1911,7784-46-5,经皮吸收
1912,7788-97-8,吸入
1913,7788-97-8,食入
1914,7789-09-5,吸入
1915,7789-09-5,食入
1916,7789-09-5,经皮吸收
1917,7789-18-6,吸入
1918,7789-18-6,食入
1919,7789-21-1,吸入
1920,7789-21-1,食入
1921,7789-23-3,吸入
1922,7789-23-3,食入
1923,7789-36-8,吸入
1924,7789-36-8,食入
1925,7789-38-0,吸入
1926,7789-38-0,食入
1927,7789-40-4,吸入
1928,7789-40-4,食入
1929,7789-40-4,经皮吸收
1930,7789-60-8,吸入
1931,7789-60-8,食入
1932,7789-61-9,吸入
1933,7789-61-9,食入
1934,7789-67-5,吸入
1935,7789-67-5,食入
1936,7789-69-7,吸入
1937,7789-69-7,食入
1938,7789-78-8,吸入
1939,7789-78-8,食入
1940,7789-80-2,吸入
1941,7789-80-2,食入
1942,7790-21-8,吸入
1943,7790-21-8,食入
1944,7790-28-5,吸入
1945,7790-28-5,食入
1946,7790-30-9,吸入
1947,7790-30-9,食入
1948,7790-30-9,经皮吸收
1949,7790-37-6,吸入
1950,7790-37-6,食入
1951,7790-47-8,吸入
1952,7790-47-8,食入
1953,7790-69-4,吸入
1954,7790-69-4,食入
1955,7790-81-0,吸入
1956,7790-81-0,食入
1957,7790-94-5,吸入
1958,7790-94-5,食入
1959,7790-94-5,经皮吸收
1960,7790-98-9,吸入
1961,7790-98-9,食入
1962,7790-98-9,经皮吸收
1963,7791-03-9,吸入
1964,7791-03-9,食入
1965,7791-23-3,吸入
1966,7791-23-3,食入
1967,7791-23-3,经皮吸收
1968,7791-25-5,吸入
1969,7791-25-5,食入
1970,78-00-2,吸入
1971,78-00-2,食入
1972,78-00-2,经皮吸收
1973,78-10-4,吸入
1974,78-10-4,食入
1975,78-18-2,吸入
1976,78-18-2,食入
1977,78-62-6,吸入
1978,78-62-6,食入
1979,78-67-1,吸入
1980,78-67-1,食入
1981,78-67-1,经皮吸收
1982,78-75-1,吸入
1983,78-75-1,食入
1984,78-75-1,经皮吸收
1985,78-78-4,吸入
1986,78-78-4,食入
1987,78-79-5,吸入
1988,78-79-5,食入
1989,78-79-5,经皮吸收
1990,78-81-9,吸入
1991,78-81-9,食入
1992,78-82-0,吸入
1993,78-82-0,食入
1994,78-82-0,经皮吸收
1995,78-83-1,吸入
1996,78-83-1,食入
1997,78-83-1,经皮吸收
1998,78-84-2,吸入
1999,78-84-2,食入
2000,78-86-4,吸入
2001,78-86-4,食入
2002,78-90-0,吸入
2003,78-90-0,食入
2004,78-90-0,经皮吸收
2005,78-92-2,吸入
2006,78-92-2,食入
2007,78-92-2,经皮吸收
2008,78-93-3,吸入
2009,78-93-3,食入
2010,78-94-4,吸入
2011,78-94-4,食入
2012,78-94-4,经皮吸收
2013,7803-51-2,吸入
2014,7803-52-3,吸入
2015,79-00-5,吸入
2016,79-00-5,食入
2017,79-00-5,经皮吸收
2018,79-01-6,吸入
2019,79-01-6,食入
2020,79-01-6,经皮吸收
2021,79-04-9,吸入
2022,79-04-9,食入
2023,79-04-9,经皮吸收
2024,79-06-1,吸入
2025,79-06-1,食入
2026,79-06-1,经皮吸收
2027,79-08-3,吸入
2028,79-08-3,食入
2029,79-08-3,经皮吸收
2030,79-09-4,吸入
2031,79-09-4,食入
2032,79-09-4,经皮吸收
2033,79-10-7,吸入
2034,79-10-7,食入
2035,79-10-7,经皮吸收
2036,79-11-8,吸入
2037,79-11-8,食入
2038,79-11-8,经皮吸收
2039,79-20-9,吸入
2040,79-20-9,食入
2041,79-20-9,经皮吸收
2042,79-21-0,吸入
2043,79-21-0,食入
2044,79-22-1,吸入
2045,79-22-1,食入
2046,79-24-3,吸入
2047,79-24-3,食入
2048,79-27-6,吸入
2049,79-27-6,食入
2050,79-27-6,经皮吸收
2051,79-31-2,吸入
2052,79-31-2,食入
2053,79-34-5,吸入
2054,79-34-5,食入
2055,79-34-5,经皮吸收
2056,79-41-4,吸入
2057,79-41-4,食入
2058,79-41-4,经皮吸收
2059,79-43-6,吸入
2060,79-43-6,食入
2061,79-43-6,经皮吸收
2062,79-46-9,吸入
2063,79-46-9,食入
2064,79-52-7,吸入，食入，经皮吸收
2065,79-92-5,吸入
2066,79-92-5,食入
2067,79-92-5,经皮吸收
2068,80-12-6,吸入，食入，皮肤接触，眼睛接触。
2069,80-17-1,吸入
2070,80-17-1,食入
2071,80-56-8,吸入
2072,80-56-8,食入
2073,80-56-8,经皮吸收
2074,80-62-6,吸入
2075,80-62-6,食入
2076,80-62-6,经皮吸收
2077,8006-64-2,吸入
2078,8006-64-2,食入
2079,8006-64-2,经皮吸收
2080,8014-95-7,吸入
2081,8014-95-7,食入
2082,8017-16-1,吸入
2083,8017-16-1,食入
2084,8030-30-6,吸入
2085,8030-30-6,食入
2086,8032-32-4,吸入
2087,8032-32-4,食入
2088,81-20-9,吸入
2089,81-20-9,食入
2090,81-20-9,经皮吸收
2091,814-49-3,吸入，食入，皮肤接触，眼睛接触。
2092,83-32-9,吸入
2093,83-32-9,食入
2094,83-41-0,吸入
2095,83-41-0,食入
2096,83-41-0,经皮吸收
2097,85-44-9,吸入
2098,85-44-9,食入
2099,85-44-9,经皮吸收
2100,86-57-7,吸入
2101,86-57-7,食入
2102,86-57-7,经皮吸收
2103,865-44-1,吸入
2104,865-44-1,食入
2105,87-56-9,吸入
2106,87-56-9,食入
2107,87-56-9,经皮吸收
2108,87-59-2,吸入
2109,87-59-2,食入
2110,87-59-2,经皮吸收
2111,87-62-7,吸入
2112,87-62-7,食入
2113,87-62-7,经皮吸收
2114,872-05-9,吸入
2115,872-05-9,食入
2116,88-06-2,吸入，食入，经皮吸收
2117,88-16-4,吸入，食入，经皮吸收
2118,88-72-2,吸入
2119,88-72-2,食入
2120,88-72-2,经皮吸收
2121,88-73-3,吸入，食入，经皮吸收
2122,88-74-4,吸入
2123,88-74-4,食入
2124,88-74-4,经皮吸收
2125,88-75-5,吸入
2126,88-75-5,食入
2127,88-75-5,经皮吸收
2128,88-88-0,吸入
2129,88-88-0,食入
2130,88-89-1,吸入
2131,88-89-1,食入
2132,88-89-1,经皮吸收
2133,89-87-2,吸入
2134,89-87-2,食入
2135,89-87-2,经皮吸收
2136,90-02-8,吸入
2137,90-02-8,食入
2138,90-02-8,经皮吸收
2139,90-12-0,吸入
2140,90-12-0,食入
2141,91-17-8,吸入
2142,91-17-8,食入
2143,91-17-8,经皮吸收
2144,91-20-3,吸入
2145,91-20-3,食入
2146,91-20-3,经皮吸收
2147,91-22-5,吸入
2148,91-22-5,食入
2149,91-22-5,经皮吸收
2150,91-23-6,吸入
2151,91-23-6,食入
2152,91-57-6,吸入
2153,91-57-6,食入
2154,91-59-8,吸入
2155,91-59-8,食入
2156,91-59-8,经皮吸收
2157,91-66-7,吸入
2158,91-66-7,食入
2159,91-66-7,经皮吸收
2160,92-67-1,吸入
2161,92-67-1,食入
2162,92-67-1,经皮吸收
2163,928-49-4,吸入
2164,928-49-4,食入
2165,93-58-3,吸入
2166,93-58-3,食入
2167,93-58-3,经皮吸收
2168,93-70-9,吸入，食入，经皮吸收
2169,931-87-3,吸入
2170,931-87-3,食入
2171,94-17-7,吸入
2172,94-17-7,食入
2173,94-36-0,吸入
2174,94-36-0,食入
2175,95-46-5,吸入
2176,95-46-5,食入
2177,95-47-6,吸入
2178,95-47-6,食入
2179,95-47-6,经皮吸收
2180,95-48-7,吸入
2181,95-48-7,食入
2182,95-48-7,经皮吸收
2183,95-50-1,吸入
2184,95-50-1,食入
2185,95-51-2,吸入
2186,95-51-2,食入
2187,95-51-2,经皮吸收
2188,95-53-4,吸入
2189,95-53-4,食入
2190,95-53-4,经皮吸收
2191,95-54-5,吸入
2192,95-54-5,食入
2193,95-54-5,经皮吸收
2194,95-55-6,吸入
2195,95-55-6,食入
2196,95-55-6,经皮吸收
2197,95-56-7,吸入
2198,95-56-7,食入
2199,95-57-8,吸入
2200,95-57-8,食入
2201,95-57-8,经皮吸收
2202,95-63-6,吸入
2203,95-63-6,食入
2204,95-68-1,吸入
2205,95-68-1,食入
2206,95-68-1,经皮吸收
2207,95-70-5,吸入
2208,95-70-5,食入
2209,95-70-5,经皮吸收
2210,95-73-8,吸入
2211,95-73-8,食入
2212,95-73-8,经皮吸收
2213,95-75-0,吸入
2214,95-75-0,食入
2215,95-75-0,经皮吸收
2216,95-76-1,吸入
2217,95-76-1,食入
2218,95-76-1,经皮吸收
2219,95-78-3,吸入
2220,95-78-3,食入
2221,95-78-3,经皮吸收
2222,95-80-7,吸入
2223,95-80-7,食入
2224,95-80-7,经皮吸收
2225,95-82-9,吸入
2226,95-82-9,食入
2227,95-82-9,经皮吸收
2228,95-92-1,吸入
2229,95-92-1,食入
2230,95-92-1,经皮吸收
2231,95-94-3,吸入
2232,95-94-3,食入
2233,950-35-6,吸入，食入，皮肤接触，眼睛接触。
2234,96-14-0,吸入
2235,96-14-0,食入
2236,96-18-4,吸入
2237,96-18-4,食入
2238,96-18-4,经皮吸收
2239,96-22-0,吸入
2240,96-22-0,食入
2241,96-32-2,吸入
2242,96-32-2,食入
2243,96-32-2,经皮吸收
2244,96-33-3,吸入
2245,96-33-3,食入
2246,96-33-3,经皮吸收
2247,96-34-4,吸入
2248,96-34-4,食入
2249,96-34-4,经皮吸收
2250,96-37-7,吸入
2251,96-37-7,食入
2252,96-37-7,经皮吸收
2253,96-41-3,吸入
2254,96-41-3,食入
2255,961-68-2,吸入
2256,961-68-2,食入
2257,961-68-2,经皮吸收
2258,97-00-7,吸入
2259,97-00-7,食入
2260,97-00-7,经皮吸收
2261,97-02-9,吸入
2262,97-02-9,食入
2263,97-02-9,经皮吸收
2264,97-62-1,吸入
2265,97-62-1,食入
2266,97-63-2,吸入
2267,97-63-2,食入
2268,97-63-2,经皮吸收
2269,97-64-3,吸入
2270,97-64-3,食入
2271,97-64-3,经皮吸收
2272,97-72-3,吸入
2273,97-72-3,食入
2274,97-85-8,吸入
2275,97-85-8,食入
2276,97-86-9,吸入
2277,97-86-9,食入
2278,97-86-9,经皮吸收
2279,97-88-1,吸入
2280,97-88-1,食入
2281,97-88-1,经皮吸收
2282,97-93-8,吸入
2283,97-93-8,食入
2284,98-01-1,吸入
2285,98-01-1,食入
2286,98-01-1,经皮吸收
2287,98-02-2,吸入，食入，经皮吸收
2288,98-09-9,吸入
2289,98-09-9,食入
2290,98-09-9,经皮吸收
2291,98-13-5,吸入
2292,98-13-5,食入
2293,98-13-5,经皮吸收
2294,98-54-4,吸入
2295,98-54-4,食入
2296,98-54-4,经皮吸收
2297,98-59-9,吸入
2298,98-59-9,食入
2299,98-82-8,吸入
2300,98-82-8,食入
2301,98-82-8,经皮吸收
2302,98-88-4,吸入
2303,98-88-4,食入
2304,98-88-4,经皮吸收
2305,98-94-2,吸入
2306,98-94-2,食入
2307,98-94-2,经皮吸收
2308,98-95-3,吸入
2309,98-95-3,食入
2310,98-95-3,经皮吸收
2311,99-08-1,吸入
2312,99-08-1,食入
2313,99-08-1,经皮吸收
2314,99-09-2,吸入
2315,99-09-2,食入
2316,99-09-2,经皮吸收
2317,99-12-7,吸入
2318,99-12-7,食入
2319,99-12-7,经皮吸收
2320,99-35-4,吸入
2321,99-35-4,食入
2322,99-35-4,经皮吸收
2323,99-51-4,吸入
2324,99-51-4,食入
2325,99-51-4,经皮吸收
2326,99-52-5,吸入
2327,99-52-5,食入
2328,99-52-5,经皮吸收
2329,99-65-0,吸入
2330,99-65-0,食入
2331,99-65-0,经皮吸收
2332,99-73-0,吸入
2333,99-73-0,食入
2334,99-99-0,吸入
2335,99-99-0,食入
2336,99-99-0,经皮吸收
2337,990-73-8,吸入，食入，皮肤接触，眼睛接触。
2338,993-00-0,吸入
