,CAS,有害燃烧产物
0,100-00-5,一氧化碳
1,100-00-5,二氧化碳
2,100-00-5,氧化氮
3,100-00-5,氯化氢。
4,100-01-6,一氧化碳
5,100-01-6,氮氧化物
6,100-02-7,一氧化碳
7,100-02-7,氮氧化物
8,100-07-2,一氧化碳
9,100-07-2,二氧化碳
10,100-07-2,氯化氢。
11,100-11-8,一氧化碳
12,100-11-8,氮氧化物
13,100-11-8,溴化氢
14,100-12-9,一氧化碳
15,100-12-9,氮氧化物
16,100-14-1,一氧化碳
17,100-14-1,二氧化碳
18,100-14-1,氧化氮
19,100-14-1,氯化氢。
20,100-16-3,一氧化碳
21,100-16-3,氮氧化物
22,100-17-4,一氧化碳
23,100-17-4,氮氧化物
24,100-20-9,一氧化碳
25,100-20-9,光气
26,100-20-9,氯化氢
27,100-25-4,一氧化碳
28,100-25-4,氮氧化物
29,100-28-7,一氧化碳
30,100-28-7,二氧化碳
31,100-28-7,氮氧化物。
32,100-29-8,一氧化碳
33,100-29-8,氮氧化物
34,100-35-6,一氧化碳
35,100-35-6,二氧化碳
36,100-35-6,氮氧化物
37,100-35-6,氯化氢。
38,100-36-7,一氧化碳
39,100-36-7,二氧化碳
40,100-36-7,氮氧化物。
41,100-37-8,一氧化碳
42,100-37-8,氮氧化物
43,100-39-0,一氧化碳
44,100-39-0,溴化氢
45,100-40-3,一氧化碳
46,100-40-3,二氧化碳。
47,100-41-4,一氧化碳
48,100-42-5,一氧化碳
49,100-43-6,一氧化碳
50,100-43-6,二氧化碳
51,100-43-6,氮氧化物。
52,100-44-7,一氧化碳
53,100-44-7,氯化氢
54,100-46-9,一氧化碳
55,100-46-9,二氧化碳
56,100-46-9,氧化氮。
57,100-47-0,一氧化碳
58,100-47-0,氮氧化物
59,100-50-5,一氧化碳
60,100-50-5,二氧化碳。
61,100-53-8,一氧化碳
62,100-53-8,硫化物
63,100-56-1,一氧化碳
64,100-56-1,二氧化碳
65,100-56-1,氯化氢
66,100-56-1,汞
67,100-56-1,氧化汞。
68,100-61-8,一氧化碳
69,100-61-8,氮氧化物
70,100-63-0,一氧化碳
71,100-63-0,氮氧化物
72,100-66-3,一氧化碳
73,100-69-6,氮氧化物。
74,100-71-0,一氧化碳
75,100-71-0,二氧化碳
76,100-71-0,氮氧化物。
77,100-73-2,一氧化碳
78,100-73-2,二氧化碳。
79,100-74-3,一氧化碳
80,100-74-3,二氧化碳
81,100-74-3,氧化氮。
82,100-97-0,一氧化碳
83,100-97-0,氮氧化物
84,100-99-2,一氧化碳
85,100-99-2,氧化铝
86,1002-16-0,一氧化碳
87,1002-16-0,氮氧化物
88,10022-31-8,无意义
89,10024-97-2,无意义
90,10025-68-0,无意义
91,10025-78-2,氯化氢
92,10025-78-2,氧化硅
93,10025-87-3,无意义
94,10025-91-9,无意义
95,10026-03-6,氯化物
96,10026-03-6,氧化硒。
97,10026-04-7,无意义
98,10026-11-6,无意义
99,10026-12-7,氯化氢。
100,10026-13-8,无意义
101,10026-17-2,氧化钴
102,10026-17-2,氟化氢。
103,10026-18-3,氧化钻
104,10026-18-3,氟化氢
105,1003-03-8,一氧化碳
106,1003-03-8,二氧化碳
107,1003-03-8,氧化氮。
108,10031-13-7,氧化砷
109,10031-13-7,氧化铅
110,10031-13-7,砷。
111,10031-18-2,无意义
112,10031-43-3,氮氧化物。
113,10034-81-8,无意义
114,10034-85-2,无意义
115,10035-10-6,无意义
116,10036-47-2,氮氧化物
117,10036-47-2,氟化氢。
118,10038-98-9,无意义
119,10039-54-0,氧化硫
120,10039-54-0,氧化氮。
121,10042-76-9,氮氧化物。
122,10043-35-3,氧化硼。
123,10045-94-0,无意义
124,10049-04-4,氯化氢。
125,10099-59-9,无意义
126,10099-74-8,无意义
127,10099-76-0,氧化铅
128,10099-76-0,氧化硅。
129,101-02-0,一氧化碳
130,101-02-0,二氧化碳
131,101-02-0,氧化磷
132,101-02-0,磷烷。
133,101-25-7,一氧化碳
134,101-25-7,氮氧化物
135,101-27-9,一氧化碳
136,101-27-9,二氧化碳
137,101-27-9,氮氧化物
138,101-27-9,氯化氢。
139,101-37-1,一氧化碳
140,101-37-1,二氧化碳
141,101-37-1,氮氧化物
142,101-37-1,氰化物。
143,101-54-2,一氧化碳
144,101-54-2,二氧化碳
145,101-54-2,氮氧化物。
146,101-68-8,一氧化碳
147,101-68-8,二氧化碳
148,101-68-8,氮氧化物。
149,101-77-9,一氧化碳
150,101-77-9,二氧化碳
151,101-77-9,氮氧化物。
152,101-82-6,一氧化碳
153,101-82-6,二氧化碳
154,101-82-6,氮氧化物。
155,101-83-7,一氧化碳
156,101-83-7,氮氧化物
157,10101-50-5,无意义
158,10102-18-8,氧化硒
159,10102-18-8,氧化钠
160,10102-18-8,硒。
161,10102-20-2,啼
162,10102-20-2,氧化钠。
163,10102-43-9,无意义
164,10102-44-0,氮氧化物。
165,10102-45-1,氮氧化物。
166,10102-49-5,砷
167,10102-49-5,氧化镍
168,10102-49-5,氧化砷。
169,10103-50-1,砷
170,10103-50-1,氧化砷
171,10103-50-1,氧化镁。
172,10108-64-2,无意义
173,10108-73-3,无意义
174,10112-91-1,氯化氢
175,10112-91-1,氧化汞。
176,10118-76-0,无意义
177,10124-36-4,硫化物
178,10124-37-5,氮氧化物。
179,10124-43-3,氧化硫。
180,10124-48-8,氮氧化物
181,10124-48-8,氯化氢
182,10124-48-8,汞。
183,10124-50-2,无意义
184,10137-69-6,一氧化碳
185,10137-69-6,二氧化碳
186,10137-69-6,氯化氢
187,10137-69-6,氧化硅。
188,10138-60-0,一氧化碳
189,10138-60-0,二氧化碳
190,10139-58-9,氮氧化物。
191,10141-05-6,无意义
192,10192-29-7,无意义
193,102-27-2,一氧化碳
194,102-27-2,二氧化碳
195,102-27-2,氮氧化物。
196,102-36-3,一氧化碳
197,102-36-3,二氧化碳
198,102-36-3,氧化硫
199,102-36-3,氯化氢
200,102-36-3,氰化氢。
201,102-47-6,一氧化碳
202,102-47-6,二氧化碳
203,102-47-6,氯化氢。
204,102-69-2,一氧化碳
205,102-69-2,氮氧化物
206,102-70-5,一氧化碳
207,102-70-5,二氧化碳
208,102-70-5,氮氧化物。
209,102-81-8,一氧化碳
210,102-81-8,二氧化碳
211,102-81-8,氮氧化物
212,102-82-9,一氧化碳
213,102-82-9,氮氧化物
214,10217-52-4,氮氧化物
215,10241-05-1,无意义
216,10265-92-6,一氧化碳
217,10265-92-6,氮氧化物
218,10265-92-6,氧化磷
219,10290-12-7,砷
220,10290-12-7,氧化砷
221,10290-12-7,氧化铜。
222,10294-33-4,无意义
223,10294-34-5,无意义
224,10294-56-1,"Fire may produce irritating, corrosive and/or toxic gases."
225,103-65-1,一氧化碳
226,103-69-5,一氧化碳
227,103-69-5,氮氧化物
228,103-71-9,一氧化碳
229,103-71-9,氮氧化物
230,103-71-9,氰化氢
231,103-72-0,一氧化碳
232,103-72-0,氮氧化物
233,103-72-0,氧化硫
234,103-80-0,一氧化碳
235,103-80-0,氯化氢
236,103-80-0,光气
237,103-83-3,一氧化碳
238,103-83-3,二氧化碳
239,103-83-3,氮氧化物。
240,103-84-4,一氧化碳
241,103-84-4,二氧化碳
242,103-84-4,氮氧化物。
243,1031-47-6,一氧化碳
244,1031-47-6,二氧化碳
245,1031-47-6,氮氧化物
246,1031-47-6,氧化磷。
247,10311-84-9,一氧化碳
248,10311-84-9,二氧化碳
249,10311-84-9,氮氧化物
250,10311-84-9,氧化硫
251,10311-84-9,氧化磷。
252,10325-94-7,无意义
253,10326-21-3,无意义
254,10326-24-6,砷
255,10326-24-6,氧化锌。
256,10361-37-2,无意义
257,10361-44-1,无意义
258,10361-95-2,氯化氢
259,10361-95-2,氧化锌。
260,10377-60-3,无意义
261,104-51-8,一氧化碳
262,104-75-6,一氧化碳
263,104-75-6,氮氧化物
264,104-78-9,一氧化碳
265,104-78-9,二氧化碳
266,104-78-9,氮氧化物。
267,104-83-6,一氧化碳
268,104-83-6,二氧化碳
269,104-83-6,氯化氢。
270,104-85-8,一氧化碳
271,104-85-8,二氧化碳
272,104-85-8,氮氧化物
273,104-85-8,氰化物。
274,104-90-5,一氧化碳
275,104-90-5,二氧化碳
276,104-90-5,氮氧化物。
277,104-92-7,一氧化碳
278,104-92-7,溴化氢
279,104-94-9,一氧化碳
280,104-94-9,二氧化碳
281,104-94-9,氧化氮。
282,10421-48-4,无意义
283,10450-60-9,无意义
284,105-05-5,一氧化碳
285,105-29-3,一氧化碳
286,105-29-3,二氧化碳。
287,105-30-6,一氧化碳
288,105-30-6,二氧化碳。
289,105-36-2,一氧化碳
290,105-36-2,溴化氢
291,105-37-3,一氧化碳
292,105-39-5,一氧化碳
293,105-39-5,氯化氢
294,105-46-4,一氧化碳
295,105-54-4,一氧化碳
296,105-56-6,一氧化碳
297,105-56-6,氮氧化物
298,105-57-7,一氧化碳
299,105-58-8,一氧化碳
300,105-64-6,一氧化碳
301,105-64-6,二氧化碳。
302,105-66-8,一氧化碳
303,105-67-9,一氧化碳
304,105-67-9,二氧化碳。
305,105-68-0,一氧化碳
306,105-74-8,一氧化碳
307,105-74-8,二氧化碳。
308,10508-09-5,"Fire may produce irritating, corrosive and/or toxic gases."
309,10544-72-6,无意义
310,10544-73-7,无意义
311,10545-99-0,氯化氢
312,10545-99-0,氧化硫
313,10567-69-8,无意义
314,10588-01-9,无意义
315,106-31-0,一氧化碳
316,106-35-4,一氧化碳
317,106-38-7,一氧化碳
318,106-38-7,二氧化碳
319,106-38-7,溴化氢。
320,106-40-1,一氧化碳
321,106-40-1,二氧化碳
322,106-40-1,氧化氮
323,106-40-1,溴化氢。
324,106-41-2,一氧化碳
325,106-41-2,溴化氢
326,106-42-3,一氧化碳
327,106-43-4,一氧化碳
328,106-43-4,氯化氢
329,106-44-5,一氧化碳
330,106-45-6,一氧化碳
331,106-45-6,氧化硫
332,106-47-8,一氧化碳
333,106-47-8,氮氧化物
334,106-47-8,氯化氢
335,106-48-9,一氧化碳
336,106-48-9,氯化氢
337,106-49-0,一氧化碳
338,106-49-0,氮氧化物
339,106-50-3,一氧化碳
340,106-50-3,氮氧化物
341,106-51-4,一氧化碳
342,106-54-7,一氧化碳
343,106-54-7,二氧化碳
344,106-54-7,氯化氢
345,106-54-7,氧化硫。
346,106-58-1,一氧化碳
347,106-58-1,二氧化碳
348,106-58-1,氮氧化物。
349,106-63-8,一氧化碳
350,106-70-7,一氧化碳
351,106-88-7,一氧化碳
352,106-92-3,一氧化碳
353,106-92-3,二氧化碳。
354,106-93-4,溴化氢
355,106-94-5,一氧化碳
356,106-94-5,溴化氢
357,106-95-6,一氧化碳
358,106-95-6,溴化氢
359,106-96-7,一氧化碳
360,106-96-7,二氧化碳
361,106-96-7,溴化氢。
362,106-97-8,一氧化碳
363,106-98-9,一氧化碳
364,106-99-0,一氧化碳
365,1068-19-5,一氧化碳
366,1068-19-5,二氧化碳。
367,107-00-6,一氧化碳
368,107-01-7,一氧化碳
369,107-02-8,一氧化碳
370,107-03-9,一氧化碳
371,107-03-9,氧化硫
372,107-04-0,一氧化碳
373,107-04-0,二氧化碳
374,107-04-0,氯化氢
375,107-04-0,溴化氢。
376,107-05-1,一氧化碳
377,107-05-1,氯化氢
378,107-06-2,一氧化碳
379,107-06-2,氯化氢
380,107-06-2,光气
381,107-07-3,一氧化碳
382,107-07-3,二氧化碳
383,107-07-3,光气
384,107-07-3,氯化氢。
385,107-08-4,一氧化碳
386,107-08-4,碘化氢
387,107-10-8,一氧化碳
388,107-10-8,氮氧化物
389,107-11-9,一氧化碳
390,107-11-9,氮氧化物
391,107-12-0,一氧化碳
392,107-12-0,氮氧化物
393,107-13-1,一氧化碳
394,107-13-1,氮氧化物
395,107-14-2,一氧化碳
396,107-14-2,氮氧化物
397,107-14-2,氯化氢灭火方法
398,107-15-3,一氧化碳
399,107-15-3,氮氧化物
400,107-16-4,一氧化碳
401,107-16-4,二氧化碳
402,107-16-4,氧化氮
403,107-16-4,氰化氢
404,107-18-6,一氧化碳
405,107-18-6,二氧化碳
406,107-19-7,一氧化碳
407,107-19-7,二氧化碳。
408,107-20-0,一氧化碳
409,107-20-0,氯化氢
410,107-25-5,一氧化碳
411,107-25-5,二氧化碳。
412,107-27-7,一氧化碳
413,107-27-7,氯化物
414,107-27-7,氧化汞
415,107-29-9,一氧化碳
416,107-29-9,二氧化碳
417,107-29-9,氧化氮。
418,107-30-2,一氧化碳
419,107-30-2,氯化氢
420,107-31-3,一氧化碳
421,107-37-9,一氧化碳
422,107-37-9,二氧化碳
423,107-37-9,氯化氢。
424,107-45-9,一氧化碳
425,107-45-9,二氧化碳
426,107-45-9,氮氧化物。
427,107-46-0,一氧化碳
428,107-46-0,氧化硅
429,107-49-3,一氧化碳
430,107-49-3,二氧化碳
431,107-49-3,氧化磷
432,107-49-3,磷化氢。
433,107-59-5,一氧化碳
434,107-59-5,二氧化碳
435,107-59-5,氯化氢。
436,107-70-0,一氧化碳
437,107-70-0,二氧化碳。
438,107-71-1,一氧化碳
439,107-71-1,二氧化碳。
440,107-72-2,一氧化碳
441,107-72-2,二氧化碳
442,107-72-2,氯化氢
443,107-72-2,氧化硅。
444,107-81-3,一氧化碳
445,107-81-3,二氧化碳
446,107-81-3,溴化氢。
447,107-82-4,一氧化碳
448,107-82-4,二氧化碳
449,107-82-4,溴化氢。
450,107-83-5,一氧化碳
451,107-84-6,一氧化碳
452,107-84-6,氯化氢
453,107-85-7,一氧化碳
454,107-85-7,氮氧化物
455,107-87-9,一氧化碳
456,107-89-1,一氧化碳
457,107-89-1,二氧化碳。
458,107-92-6,一氧化碳
459,107-94-8,一氧化碳
460,107-94-8,氯化氢
461,108-01-0,一氧化碳
462,108-01-0,氮氧化物
463,108-03-2,一氧化碳
464,108-03-2,氮氧化物
465,108-05-4,一氧化碳
466,108-08-7,一氧化碳
467,108-09-8,一氧化碳
468,108-09-8,氮氧化物
469,108-10-1,一氧化碳
470,108-11-2,一氧化碳
471,108-11-2,二氧化碳。
472,108-12-3,一氧化碳
473,108-12-3,二氧化碳
474,108-12-3,氯化氢
475,108-12-3,光气。
476,108-16-7,一氧化碳
477,108-16-7,氮氧化物
478,108-18-9,一氧化碳
479,108-18-9,氮氧化物
480,108-20-3,一氧化碳
481,108-21-4,一氧化碳
482,108-22-5,一氧化碳
483,108-22-5,二氧化碳。
484,108-23-6,一氧化碳
485,108-23-6,氯化氢
486,108-23-6,光气
487,108-24-7,一氧化碳
488,108-31-6,一氧化碳
489,108-31-6,二氧化碳。
490,108-38-3,一氧化碳
491,108-39-4,一氧化碳
492,108-40-7,一氧化碳
493,108-40-7,硫化氢
494,108-40-7,氧化硫
495,108-41-8,一氧化碳
496,108-41-8,二氧化碳
497,108-41-8,氯化氢。
498,108-42-9,一氧化碳
499,108-42-9,氮氧化物
500,108-42-9,氯化氢
501,108-43-0,一氧化碳
502,108-43-0,氯化氢
503,108-44-1,一氧化碳
504,108-44-1,氮氧化物
505,108-45-2,一氧化碳
506,108-45-2,氮氧化物
507,108-46-3,一氧化碳
508,108-47-4,一氧化碳
509,108-47-4,氮氧化物
510,108-48-5,一氧化碳
511,108-48-5,氮氧化物
512,108-60-1,一氧化碳
513,108-60-1,二氧化碳
514,108-60-1,氯化氢。
515,108-64-5,一氧化碳
516,108-67-8,一氧化碳
517,108-67-8,二氧化碳。
518,108-68-9,一氧化碳
519,108-68-9,二氧化碳。
520,108-69-0,一氧化碳
521,108-69-0,二氧化碳
522,108-69-0,氮氧化物。
523,108-70-3,一氧化碳
524,108-70-3,氯化氢
525,108-73-6,一氧化碳
526,108-77-0,氧化氮
527,108-77-0,氯化物。
528,108-83-8,一氧化碳
529,108-83-8,二氧化碳。
530,108-84-9,一氧化碳
531,108-84-9,二氧化碳。
532,108-86-1,一氧化碳
533,108-86-1,溴化氢
534,108-87-2,一氧化碳
535,108-88-3,一氧化碳
536,108-90-7,一氧化碳
537,108-90-7,氯化物
538,108-91-8,一氧化碳
539,108-91-8,氮氧化物
540,108-94-1,一氧化碳
541,108-95-2,一氧化碳
542,108-98-5,一氧化碳
543,108-98-5,硫化氢
544,108-98-5,氧化硫
545,108-99-6,一氧化碳
546,108-99-6,氮氧化物
547,109-02-4,一氧化碳
548,109-02-4,氮氧化物
549,109-05-7,一氧化碳
550,109-05-7,氮氧化物
551,109-06-8,一氧化碳
552,109-06-8,氮氧化物
553,109-09-1,一氧化碳
554,109-09-1,二氧化碳
555,109-09-1,氧化氮
556,109-09-1,氯化氢。
557,109-21-7,一氧化碳
558,109-49-9,一氧化碳
559,109-49-9,二氧化碳。
560,109-52-4,一氧化碳
561,109-52-4,二氧化碳。
562,109-53-5,一氧化碳
563,109-53-5,二氧化碳。
564,109-55-7,一氧化碳
565,109-55-7,氮氧化物
566,109-59-1,一氧化碳
567,109-59-1,二氧化碳。
568,109-60-4,一氧化碳
569,109-61-5,一氧化碳
570,109-61-5,氯化氢
571,109-61-5,光气
572,109-65-9,一氧化碳
573,109-65-9,溴化氢
574,109-66-0,一氧化碳
575,109-67-1,一氧化碳
576,109-68-2,一氧化碳
577,109-69-3,一氧化碳
578,109-69-3,氯化氢
579,109-70-6,一氧化碳
580,109-70-6,二氧化碳
581,109-70-6,氯化氢
582,109-70-6,溴化氢。
583,109-73-9,一氧化碳
584,109-73-9,氮氧化物
585,109-74-0,一氧化碳
586,109-74-0,氮氧化物
587,109-75-1,一氧化碳
588,109-75-1,二氧化碳
589,109-75-1,氧化氮
590,109-75-1,氰化氢。
591,109-76-2,一氧化碳
592,109-76-2,氮氧化物
593,109-77-3,一氧化碳
594,109-77-3,氮氧化物
595,109-79-5,一氧化碳
596,109-79-5,硫化氢
597,109-79-5,氧化硫
598,109-86-4,一氧化碳
599,109-87-5,一氧化碳
600,109-89-7,一氧化碳
601,109-89-7,氮氧化物
602,109-90-0,一氧化碳
603,109-90-0,二氧化碳
604,109-90-0,氧化氮
605,109-90-0,氰化氢。
606,109-92-2,一氧化碳
607,109-92-2,二氧化碳。
608,109-93-3,一氧化碳
609,109-94-4,一氧化碳
610,109-95-5,一氧化碳
611,109-95-5,氮氧化物
612,109-97-7,一氧化碳
613,109-97-7,二氧化碳
614,109-97-7,氧化氮。
615,109-99-9,一氧化碳
616,110-00-9,一氧化碳
617,110-01-0,一氧化碳
618,110-01-0,硫化氢
619,110-01-0,氧化硫
620,110-02-1,一氧化碳
621,110-02-1,二氧化碳
622,110-02-1,硫化氢
623,110-02-1,氧化硫。
624,110-05-4,一氧化碳
625,110-05-4,二氧化碳。
626,110-12-3,一氧化碳
627,110-12-3,二氧化碳。
628,110-18-9,一氧化碳
629,110-18-9,氮氧化物
630,110-19-0,一氧化碳
631,110-43-0,一氧化碳
632,110-45-2,一氧化碳
633,110-46-3,一氧化碳
634,110-46-3,氮氧化物
635,110-49-6,一氧化碳
636,110-53-2,一氧化碳
637,110-53-2,溴化氢
638,110-54-3,一氧化碳
639,110-56-5,一氧化碳
640,110-56-5,氯化氢
641,110-58-7,一氧化碳
642,110-58-7,氮氧化物
643,110-59-8,一氧化碳
644,110-59-8,氮氧化物
645,110-60-1,一氧化碳
646,110-60-1,氮氧化物
647,110-61-2,一氧化碳
648,110-61-2,氮氧化物
649,110-62-3,一氧化碳
650,110-65-6,一氧化碳
651,110-66-7,一氧化碳
652,110-66-7,硫化氢
653,110-66-7,氧化硫
654,110-68-9,一氧化碳
655,110-68-9,氮氧化物
656,110-69-0,一氧化碳
657,110-69-0,氮氧化物
658,110-71-4,一氧化碳
659,110-74-7,一氧化碳
660,110-75-8,一氧化碳
661,110-75-8,二氧化碳
662,110-75-8,氯化氢。
663,110-77-0,一氧化碳
664,110-77-0,二氧化碳
665,110-77-0,氧化硫
666,110-77-0,硫化氢。
667,110-78-1,一氧化碳
668,110-78-1,二氧化碳
669,110-78-1,氧化氮
670,110-78-1,氰化氢。
671,110-80-5,一氧化碳
672,110-82-7,一氧化碳
673,110-83-8,一氧化碳
674,110-85-0,一氧化碳
675,110-85-0,二氧化碳
676,110-85-0,氧化氮。
677,110-86-1,一氧化碳
678,110-86-1,二氧化碳
679,110-86-1,氧化氮。
680,110-89-4,一氧化碳
681,110-89-4,氮氧化物
682,110-91-8,一氧化碳
683,110-91-8,氮氧化物
684,110-96-3,一氧化碳
685,110-96-3,氮氧化物
686,110-97-4,一氧化碳
687,110-97-4,氮氧化物
688,111-14-8,一氧化碳
689,111-14-8,二氧化碳。
690,111-15-9,一氧化碳
691,111-19-3,一氧化碳
692,111-19-3,二氧化碳
693,111-19-3,氯化氢
694,111-19-3,光气。
695,111-25-1,一氧化碳
696,111-25-1,溴化氢
697,111-26-2,一氧化碳
698,111-26-2,氮氧化物
699,111-30-8,一氧化碳
700,111-30-8,二氧化碳。
701,111-31-9,一氧化碳
702,111-31-9,二氧化碳
703,111-31-9,氧化硫
704,111-31-9,硫化氢。
705,111-34-2,一氧化碳
706,111-34-2,二氧化碳。
707,111-36-4,一氧化碳
708,111-36-4,二氧化碳
709,111-36-4,氧化氮
710,111-36-4,氰化氢。
711,111-40-0,氧化氮
712,111-40-0,一氧化碳
713,111-40-0,二氧化碳。
714,111-42-2,一氧化碳
715,111-42-2,氮氧化物
716,111-43-3,一氧化碳
717,111-44-4,一氧化碳
718,111-44-4,氯化物
719,111-47-7,一氧化碳
720,111-47-7,二氧化硫
721,111-49-9,一氧化碳
722,111-49-9,氮氧化物
723,111-50-2,一氧化碳
724,111-50-2,二氧化碳
725,111-50-2,氯化氢
726,111-50-2,光气。
727,111-64-8,一氧化碳
728,111-64-8,二氧化碳
729,111-64-8,氯化氢
730,111-64-8,光气。
731,111-65-9,一氧化碳
732,111-66-0,一氧化碳
733,111-67-1,一氧化碳
734,111-68-2,一氧化碳
735,111-68-2,氮氧化物
736,111-69-3,一氧化碳
737,111-69-3,氮氧化物
738,111-71-7,一氧化碳
739,111-76-2,一氧化碳
740,111-76-2,二氧化碳。
741,111-78-4,一氧化碳
742,111-78-4,二氧化碳。
743,111-88-6,一氧化碳
744,111-88-6,二氧化碳
745,111-88-6,硫化氢
746,111-88-6,氧化硫。
747,111-92-2,一氧化碳
748,111-92-2,氮氧化物
749,111-94-4,一氧化碳
750,111-94-4,二氧化碳
751,111-94-4,氮氧化物
752,111-94-4,氰化氢
753,111-94-4,氰化物。
754,1118-14-5,一氧化碳
755,1118-14-5,二氧化碳
756,1118-14-5,氧化锡。
757,112-04-9,一氧化碳
758,112-04-9,二氧化碳
759,112-04-9,氯化氢
760,112-04-9,氧化硅。
761,112-16-3,一氧化碳
762,112-16-3,二氧化碳
763,112-16-3,氯化氢。
764,112-24-3,一氧化碳
765,112-24-3,氮氧化物
766,112-55-0,一氧化碳
767,112-55-0,硫化物
768,112-57-2,一氧化碳
769,112-57-2,二氧化碳
770,112-57-2,氮氧化物。
771,112-64-1,一氧化碳
772,112-64-1,二氧化碳
773,112-64-1,氯化氢
774,112-64-1,光气。
775,112-76-5,一氧化碳
776,112-76-5,二氧化碳
777,112-76-5,氯化氢。
778,112-96-9,一氧化碳
779,112-96-9,二氧化碳
780,112-96-9,氮氧化物
781,112-96-9,氰化氢。
782,1126-78-9,一氧化碳
783,1126-78-9,二氧化碳
784,1126-78-9,氮氧化物
785,1126-78-9,苯胺。
786,115-07-1,一氧化碳
787,115-09-3,一氧化碳
788,115-09-3,二氧化碳
789,115-09-3,氯化氢
790,115-09-3,氧化汞。
791,115-10-6,一氧化碳
792,115-11-7,一氧化碳
793,115-17-3,一氧化碳
794,115-17-3,二氧化碳
795,115-17-3,溴化氢。
796,115-19-5,一氧化碳
797,115-19-5,二氧化碳。
798,115-21-9,一氧化碳
799,115-21-9,氯化氢
800,115-21-9,氧化硅
801,115-25-3,氟化氢。
802,115-26-4,一氧化碳
803,115-26-4,二氧化碳
804,115-26-4,氧化氮
805,115-26-4,氧化磷
806,115-26-4,氟化氢。
807,115-29-7,一氧化碳
808,115-29-7,二氧化碳
809,115-29-7,氯化氢
810,115-29-7,氧化硫。
811,115-31-1,一氧化碳
812,115-31-1,二氧化碳
813,115-31-1,氮氧化物
814,115-31-1,氧化硫。
815,115-80-0,一氧化碳
816,115-80-0,二氧化碳。
817,115-90-2,一氧化碳
818,115-90-2,二氧化碳
819,115-90-2,氧化硫
820,115-90-2,氧化磷。
821,116-06-3,一氧化碳
822,116-06-3,二氧化碳
823,116-06-3,氮氧化物
824,116-06-3,氧化硫。
825,116-14-3,一氧化碳
826,116-14-3,氟化氢
827,116-15-4,一氧化碳
828,116-15-4,氟化氢
829,116-16-5,一氧化碳
830,116-16-5,二氧化碳
831,116-16-5,氯化氢。
832,116-54-1,一氧化碳
833,116-54-1,氯化氢
834,116-54-1,光气
835,1165-48-6,一氧化碳
836,1165-48-6,二氧化碳
837,1165-48-6,氧化氮
838,117-80-6,一氧化碳
839,117-80-6,二氧化碳
840,117-80-6,氯化氢。
841,118-44-5,一氧化碳
842,118-44-5,二氧化碳
843,118-44-5,氮氧化物。
844,118-69-4,一氧化碳
845,118-69-4,氯化氢
846,118-74-1,一氧化碳
847,118-74-1,氯化氢
848,118-96-7,一氧化碳
849,118-96-7,氮氧化物
850,119-26-6,一氧化碳
851,119-26-6,氮氧化物
852,119-27-7,一氧化碳
853,119-27-7,氮氧化物
854,119-32-4,一氧化碳
855,119-32-4,二氧化碳
856,119-32-4,氮氧化物。
857,119-33-5,一氧化碳
858,119-33-5,二氧化碳
859,119-33-5,氧化氮。
860,119-90-4,一氧化碳
861,119-90-4,氮氧化物
862,119-93-7,一氧化碳
863,119-93-7,氮氧化物
864,120-12-7,一氧化碳
865,120-22-9,一氧化碳
866,120-22-9,二氧化碳
867,120-22-9,氮氧化物。
868,120-36-5,一氧化碳
869,120-36-5,二氧化碳
870,120-36-5,氯化氢。
871,120-71-8,一氧化碳
872,120-71-8,二氧化碳
873,120-71-8,氮氧化物
874,120-80-9,一氧化碳
875,120-82-1,一氧化碳
876,120-82-1,氯化氢
877,120-83-2,一氧化碳
878,120-83-2,二氧化碳
879,120-83-2,氯化氢。
880,120-92-3,一氧化碳
881,12001-85-3,一氧化碳
882,12001-85-3,二氧化碳
883,12001-85-3,氧化锌。
884,12002-03-8,一氧化碳
885,12002-03-8,二氧化碳
886,12002-03-8,氧化砷
887,12002-03-8,氧化铜。
888,12013-55-7,氧化硅
889,12013-55-7,氧化钙。
890,12031-80-0,氧化锂。
891,12037-82-0,氧化硫
892,12037-82-0,氧化磷
893,12037-82-0,磷烷。
894,12057-74-8,氧化磷
895,12057-74-8,磷化氢
896,12057-74-8,氧化镁。
897,12058-85-4,磷化氢
898,12058-85-4,氧化磷
899,12058-85-4,氧化钠。
900,121-14-2,一氧化碳
901,121-14-2,氮氧化物
902,121-19-7,"Fire may produce irritating, corrosive and/or toxic gases."
903,121-43-7,一氧化碳
904,121-43-7,二氧化碳
905,121-43-7,氧化硼。
906,121-44-8,一氧化碳
907,121-44-8,氮氧化物
908,121-45-9,一氧化碳
909,121-45-9,二氧化碳
910,121-45-9,氧化磷
911,121-45-9,磷烷。
912,121-46-0,一氧化碳
913,121-46-0,二氧化碳。
914,121-51-7,一氧化碳
915,121-51-7,二氧化碳
916,121-51-7,氮氧化物
917,121-51-7,氯化氢
918,121-51-7,氧化硫。
919,121-57-3,一氧化碳
920,121-57-3,二氧化碳
921,121-57-3,硫化物
922,121-57-3,氧化氮。
923,121-69-7,一氧化碳
924,121-69-7,氮氧化物
925,121-73-3,一氧化碳
926,121-73-3,氮氧化物
927,121-73-3,氯化氢
928,121-75-5,一氧化碳
929,121-75-5,氧化磷
930,121-75-5,氧化硫
931,121-87-9,一氧化碳
932,121-87-9,二氧化碳
933,121-87-9,氯化物
934,121-87-9,氧化氮。
935,121-88-0,一氧化碳
936,121-88-0,二氧化碳
937,121-88-0,氮氧化物。
938,121-90-4,一氧化碳
939,121-90-4,二氧化碳
940,121-90-4,氯化氢
941,121-90-4,光气。
942,12125-01-8,氟化氢
943,12125-01-8,氨
944,12125-01-8,氮氧化物。
945,12125-08-5,氮氧化物
946,12125-08-5,氯化物。
947,12136-45-7,氧化锂
948,12165-69-4,氧化硫
949,12165-69-4,氧化磷
950,12165-69-4,磷烷。
951,12185-10-3,氧化磷
952,122-01-0,一氧化碳
953,122-01-0,二氧化碳
954,122-01-0,氯化氢
955,122-01-0,光气。
956,122-04-3,一氧化碳
957,122-04-3,二氧化碳
958,122-04-3,氧化氮
959,122-04-3,光气。
960,122-39-4,一氧化碳
961,122-39-4,二氧化碳
962,122-39-4,氮氧化物。
963,122-51-0,一氧化碳
964,122-52-1,一氧化碳
965,122-52-1,二氧化碳
966,122-52-1,氧化磷
967,122-52-1,磷烷。
968,122-60-1,一氧化碳
969,122-60-1,二氧化碳。
970,122-66-7,一氧化碳
971,122-66-7,氮氧化物
972,122-80-5,一氧化碳
973,122-80-5,二氧化碳
974,122-80-5,氮氧化物
975,12263-85-3,一氧化碳
976,12263-85-3,二氧化碳
977,12263-85-3,溴化氢
978,12263-85-3,氧化铝。
979,123-05-7,一氧化碳
980,123-05-7,二氧化碳。
981,123-15-9,一氧化碳
982,123-15-9,二氧化碳。
983,123-19-3,一氧化碳
984,123-19-3,二氧化碳。
985,123-20-6,一氧化碳
986,123-20-6,二氧化碳。
987,123-23-9,一氧化碳
988,123-30-8,一氧化碳
989,123-30-8,氮氧化物
990,123-31-9,一氧化碳
991,123-38-6,一氧化碳
992,123-42-2,一氧化碳
993,123-42-2,二氧化碳。
994,123-51-3,一氧化碳
995,123-54-6,一氧化碳
996,123-54-6,二氧化碳。
997,123-62-6,一氧化碳
998,123-63-7,一氧化碳
999,123-66-0,一氧化碳
1000,123-72-8,一氧化碳
1001,123-75-1,一氧化碳
1002,123-75-1,二氧化碳
1003,123-75-1,氧化氮。
1004,123-77-3,一氧化碳
1005,123-77-3,二氧化碳
1006,123-77-3,氮氧化物
1007,123-77-3,氮气。
1008,123-86-4,一氧化碳
1009,123-88-6,一氧化碳
1010,123-88-6,二氧化碳
1011,123-88-6,氧化汞。
1012,123-91-1,一氧化碳
1013,123-92-2,一氧化碳
1014,124-02-7,一氧化碳
1015,124-02-7,二氧化碳
1016,124-02-7,氮氧化物。
1017,124-09-4,一氧化碳
1018,124-09-4,氮氧化物
1019,124-11-8,一氧化碳
1020,124-12-9,一氧化碳
1021,124-12-9,二氧化碳
1022,124-12-9,氧化氮。
1023,124-18-5,一氧化碳
1024,124-38-9,无意义
1025,124-40-3,一氧化碳
1026,124-40-3,氮氧化物
1027,124-41-4,一氧化碳
1028,124-41-4,二氧化碳
1029,124-41-4,氧化钠。
1030,124-43-6,一氧化碳
1031,124-43-6,二氧化碳
1032,124-43-6,氮氧化物
1033,124-43-6,氧气。
1034,124-47-0,氮氧化物
1035,124-63-0,氯化氢
1036,124-63-0,氧化硫
1037,124-65-2,一氧化碳
1038,124-65-2,二氧化碳
1039,124-65-2,氧化砷
1040,124-65-2,氧化钠。
1041,124-87-8,一氧化碳
1042,124-87-8,二氧化碳
1043,12427-38-2,一氧化碳
1044,12427-38-2,二氧化碳
1045,12427-38-2,氮氧化物
1046,12427-38-2,硫化物
1047,12427-38-2,氧化锰。
1048,12504-13-1,氧化磷
1049,12504-13-1,磷化氢
1050,12504-13-1,氧化锶。
1051,12542-85-7,一氧化碳
1052,12542-85-7,二氧化碳
1053,12542-85-7,氯化氢
1054,12542-85-7,氧化铝。
1055,126-72-7,一氧化碳
1056,126-72-7,二氧化碳
1057,126-72-7,溴化氢
1058,126-72-7,氧化磷。
1059,126-98-7,一氧化碳
1060,126-98-7,二氧化碳
1061,126-98-7,氧化氮。
1062,126-99-8,一氧化碳
1063,126-99-8,氯化氢
1064,127-00-4,一氧化碳
1065,127-00-4,二氧化碳
1066,127-00-4,氯化氢。
1067,127-18-4,氯化氢
1068,127-18-4,光气
1069,127-85-5,无意义
1070,127-91-3,一氧化碳
1071,12788-93-1,一氧化碳
1072,12788-93-1,二氧化碳。
1073,129-66-8,一氧化碳
1074,129-66-8,二氧化碳
1075,129-66-8,氮氧化物。
1076,129-79-3,一氧化碳
1077,129-79-3,氮氧化物
1078,1299-86-1,一氧化碳
1079,1299-86-1,氧化铝
1080,1303-28-2,无意义
1081,1303-39-5,砷
1082,1303-39-5,氧化砷
1083,1303-39-5,氧化锌。
1084,1304-28-5,氧化钡。
1085,1304-29-6,无意义
1086,1304-56-9,自然分解产物未知。
1087,1305-79-9,无意义
1088,1306-19-0,镉。
1089,1306-23-6,氧化硫
1090,1306-23-6,硫化氢。
1091,1306-24-7,无意义
1092,1309-60-0,氧化铅。
1093,131-52-2,氧化钠
1094,131-52-2,氯化氢。
1095,131-73-7,一氧化碳
1096,131-73-7,氮氧化物
1097,131-74-8,一氧化碳
1098,131-74-8,氮氧化物
1099,1310-58-3,无意义
1100,1310-73-2,无意义
1101,1310-82-3,氧化铷。
1102,1312-73-8,氧化钾
1103,1312-73-8,二氧化硫
1104,13122-18-4,"Fire may produce irritating, corrosive and/or toxic gases."
1105,1313-60-6,无意义
1106,1313-82-2,氧化钠
1107,1313-82-2,二氧化硫
1108,13138-45-9,无意义
1109,1314-12-1,氧化铊。
1110,1314-18-7,无意义
1111,1314-22-3,无意义
1112,1314-24-5,有害的毒性烟气：。
1113,1314-32-5,铊。
1114,1314-34-7,有害的毒性烟气：。
1115,1314-41-6,无意义
1116,1314-56-3,无意义
1117,1314-60-9,无意义
1118,1314-62-1,可能产生有害的毒性烟雾。
1119,1314-80-3,氧化磷
1120,1314-80-3,氧化硫
1121,1314-84-7,五氧化二磷
1122,1314-84-7,金属氧化物烟气
1123,1315-09-9,氧化硒
1124,1315-09-9,硒
1125,1315-09-9,氧化锌。
1126,1317-36-8,无意义
1127,1327-53-3,无意义
1128,133-14-2,一氧化碳
1129,133-14-2,二氧化碳
1130,133-14-2,氯化氢。
1131,1330-20-7,"Fire will produce irritating, corrosive and/or toxic gases."
1132,1330-78-5,一氧化碳
1133,1330-78-5,氧化磷
1134,1330-78-5,磷烷
1135,13327-32-7,无意义
1136,1333-74-0,水。
1137,1333-82-0,无意义
1138,1333-83-1,氟化氢
1139,1333-83-1,氧化钠。
1140,1335-31-5,氮氧化物
1141,1335-31-5,汞
1142,1335-31-5,氰化氢。
1143,1335-88-2,一氧化碳
1144,1335-88-2,二氧化碳
1145,1335-88-2,氯化氢。
1146,1336-21-6,氮氧化物
1147,1338-23-4,一氧化碳
1148,1338-23-4,二氧化碳。
1149,134-32-7,一氧化碳
1150,134-32-7,氮氧化物
1151,13400-13-0,无意义
1152,1341-49-7,氧化氮
1153,1341-49-7,氟化氢。
1154,13446-09-8,无意义
1155,13446-11-2,氮氧化物
1156,13446-11-2,碘化氢。
1157,13446-48-5,氮氧化物
1158,13446-48-5,氨。
1159,13446-74-7,无意义
1160,1345-04-6,氧化硫
1161,1345-04-6,氧化锑
1162,13451-08-6,氯化氢
1163,13451-08-6,氧化硫。
1164,13453-30-0,氯化氢
1165,13453-30-0,铊。
1166,13455-24-8,无意义
1167,13463-39-3,一氧化碳。
1168,13463-40-6,一氧化碳
1169,13463-40-6,二氧化碳
1170,13463-40-6,氧化铁。
1171,13465-95-7,无意义
1172,13470-01-4,无意义
1173,13477-00-4,无意义
1174,13477-36-6,无意义
1175,13494-98-9,氮氧化物。
1176,135-01-3,一氧化碳
1177,135-88-6,一氧化碳
1178,135-88-6,氮氧化物
1179,135-98-8,一氧化碳
1180,13548-38-4,氮氧化物。
1181,13597-99-4,无意义
1182,13598-36-2,无意义
1183,13637-63-3,氯化氢
1184,13637-63-3,氟化氢
1185,13637-63-3,氯化物
1186,13637-63-3,氟化物。
1187,13637-76-8,无意义
1188,13682-73-0,氧化钾
1189,13682-73-0,氰化物。
1190,137-06-4,一氧化碳
1191,137-06-4,二氧化碳
1192,137-06-4,氧化硫。
1193,137-07-5,一氧化碳
1194,137-07-5,二氧化碳
1195,137-07-5,氮氧化物
1196,137-07-5,氧化硫。
1197,137-26-8,一氧化碳
1198,137-26-8,二氧化碳
1199,137-26-8,硫化物
1200,137-26-8,氧化氮。
1201,137-30-4,一氧化碳
1202,137-30-4,二氧化碳
1203,137-30-4,氮氧化物
1204,137-30-4,硫化物。
1205,137-43-9,一氧化碳
1206,137-43-9,二氧化碳
1207,137-43-9,溴化氢。
1208,13718-59-7,氧化硒
1209,13718-59-7,硒。
1210,13746-89-9,氮氧化物。
1211,13765-03-2,无意义
1212,13770-61-1,氮氧化物。
1213,13779-41-4,氟化氢
1214,13779-41-4,氧化磷。
1215,13780-03-5,氧化硫。
1216,13780-06-8,无意义
1217,138-86-3,一氧化碳
1218,138-89-6,一氧化碳
1219,138-89-6,二氧化碳
1220,138-89-6,氮氧化物。
1221,13814-96-5,铅
1222,13814-96-5,氟化氢
1223,13814-96-5,氧化硼。
1224,13863-41-7,无意义
1225,139-02-6,一氧化碳
1226,139-02-6,氧化钠
1227,13952-84-6,一氧化碳
1228,13952-84-6,二氧化碳
1229,13952-84-6,氧化氮。
1230,13967-90-3,无意义
1231,1397-94-0,一氧化碳
1232,1397-94-0,二氧化碳
1233,1397-94-0,氧化氮
1234,140-29-4,一氧化碳
1235,140-29-4,氮氧化物
1236,140-29-4,氰化氢
1237,140-80-7,一氧化碳
1238,140-80-7,二氧化碳
1239,140-80-7,氮氧化物。
1240,140-88-5,一氧化碳
1241,1402-38-6,一氧化碳
1242,1402-38-6,二氧化碳
1243,1402-38-6,氧化氮
1244,141-32-2,一氧化碳
1245,141-43-5,一氧化碳
1246,141-43-5,二氧化碳
1247,141-43-5,氧化氮。
1248,141-57-1,一氧化碳
1249,141-57-1,二氧化碳
1250,141-57-1,氯化氢
1251,141-57-1,氧化硅。
1252,141-66-2,一氧化碳
1253,141-66-2,二氧化碳
1254,141-66-2,氧化氮
1255,141-66-2,氧化磷。
1256,141-75-3,一氧化碳
1257,141-75-3,二氧化碳
1258,141-75-3,氯化氢
1259,141-75-3,光气。
1260,141-78-6,一氧化碳
1261,141-79-7,一氧化碳
1262,141-79-7,二氧化碳。
1263,141-91-3,一氧化碳
1264,141-91-3,二氧化碳
1265,141-91-3,氧化氮。
1266,141-93-5,一氧化碳
1267,142-04-1,一氧化碳
1268,142-04-1,二氧化碳
1269,142-04-1,氧化氮
1270,142-04-1,氯化氢。
1271,142-28-9,一氧化碳
1272,142-28-9,氯化氢
1273,142-28-9,光气
1274,142-29-0,一氧化碳
1275,142-59-6,一氧化碳
1276,142-59-6,氮氧化物
1277,142-59-6,硫氧化物
1278,142-59-6,氧化钠
1279,142-61-0,一氧化碳
1280,142-61-0,二氧化碳
1281,142-61-0,光气。
1282,142-62-1,一氧化碳
1283,142-62-1,二氧化碳。
1284,142-68-7,一氧化碳
1285,142-68-7,二氧化碳。
1286,142-82-5,一氧化碳
1287,142-84-7,一氧化碳
1288,142-84-7,二氧化碳
1289,142-84-7,氧化氮。
1290,142-92-7,一氧化碳
1291,142-92-7,二氧化碳。
1292,142-96-1,一氧化碳
1293,1420-07-1,一氧化碳
1294,1420-07-1,二氧化碳
1295,1420-07-1,氮氧化物。
1296,1421-68-7,一氧化碳
1297,1421-68-7,二氧化碳
1298,1421-68-7,硫氧化物
1299,1421-68-7,氮氧化物
1300,14235-86-0,一氧化碳
1301,14235-86-0,二氧化碳
1302,14235-86-0,氧化硫
1303,14235-86-0,汞。
1304,14264-31-4,氧化钠
1305,14264-31-4,氰化物。
1306,143-33-9,无意义
1307,144-49-0,一氧化碳
1308,144-49-0,氟化氢
1309,1445-45-0,一氧化碳
1310,1445-45-0,二氧化碳。
1311,14486-19-2,镉
1312,14486-19-2,氟化氢
1313,14486-19-2,氧化硼
1314,14486-19-2,氧化镉。
1315,1450-14-2,一氧化碳
1316,1450-14-2,二氧化碳
1317,1450-14-2,氧化硅。
1318,14518-94-6,无意义
1319,14519-07-4,无意义
1320,14519-18-7,无意义
1321,1461-22-9,"Fire may produce irritating, corrosive and/or toxic gases."
1322,1461-25-2,一氧化碳
1323,1461-25-2,二氧化碳
1324,1461-25-2,氧化锡
1325,1461-25-2,锡。
1326,14666-78-5,一氧化碳
1327,14666-78-5,二氧化碳。
1328,147-82-0,一氧化碳
1329,147-82-0,二氧化碳
1330,147-82-0,溴化氢
1331,147-82-0,氧化氮。
1332,14763-77-0,氮氧化物
1333,14763-77-0,氰化氢。
1334,148-82-3,一氧化碳
1335,148-82-3,二氧化碳
1336,148-82-3,氮氧化物
1337,148-82-3,氯化氢。
1338,149-73-5,一氧化碳
1339,149-73-5,二氧化碳。
1340,149-74-6,一氧化碳
1341,149-74-6,氧化硅
1342,149-74-6,氯化氢
1343,14977-61-8,无意义
1344,150-46-9,一氧化碳
1345,150-46-9,二氧化碳
1346,150-46-9,氧化硼。
1347,151-38-2,一氧化碳
1348,151-38-2,二氧化碳
1349,151-38-2,氧化汞。
1350,151-50-8,无意义
1351,151-56-4,一氧化碳
1352,151-56-4,二氧化碳
1353,151-56-4,氮氧化物。
1354,15120-17-9,氧化砷
1355,15120-17-9,氧化钠。
1356,15120-21-5,氧气
1357,15120-21-5,氧化硼。
1358,15168-20-4,氧化硒
1359,15168-20-4,硒。
1360,15180-03-7,一氧化碳
1361,15180-03-7,二氧化碳
1362,15180-03-7,氮氧化物
1363,15180-03-7,氯化氢。
1364,152-16-9,一氧化碳
1365,152-16-9,二氧化碳
1366,152-16-9,氧化氮
1367,152-16-9,氧化磷。
1368,15232-76-5,一氧化碳
1369,15271-41-7,一氧化碳
1370,15271-41-7,二氧化碳
1371,15271-41-7,氮氧化物
1372,15271-41-7,氯化氢。
1373,15520-11-3,"Fire may produce irritating, corrosive and/or toxic gases."
1374,15593-61-0,氧化硒
1375,15593-61-0,氧化镁
1376,15593-61-0,硒
1377,156-43-4,一氧化碳
1378,156-43-4,二氧化碳
1379,156-43-4,氮氧化物。
1380,1563-66-2,一氧化碳
1381,1563-66-2,二氧化碳
1382,1563-66-2,氧化氮。
1383,15630-89-4,"Fire may produce irritating, corrosive and/or toxic gases."
1384,1569-02-4,一氧化碳
1385,1569-02-4,二氧化碳。
1386,1569-69-3,一氧化碳
1387,1569-69-3,二氧化硫
1388,15829-53-5,汞
1389,15829-53-5,氧化汞。
1390,15879-93-3,一氧化碳
1391,15879-93-3,二氧化碳
1392,15879-93-3,氯化氢。
1393,15972-60-8,一氧化碳
1394,15972-60-8,二氧化碳
1395,15972-60-8,氮氧化物
1396,15972-60-8,氯化氢。
1397,1600-27-7,一氧化碳
1398,1600-27-7,二氧化碳
1399,1600-27-7,氧化汞。
1400,16066-38-9,一氧化碳
1401,16066-38-9,二氧化碳。
1402,1609-86-5,一氧化碳
1403,1609-86-5,二氧化碳
1404,1609-86-5,氮氧化物
1405,1609-86-5,氰化氢。
1406,16111-62-9,一氧化碳
1407,16111-62-9,二氧化碳。
1408,1615-80-1,一氧化碳
1409,1615-80-1,二氧化碳
1410,1615-80-1,氧化氮。
1411,1629-58-9,一氧化碳
1412,1629-58-9,二氧化碳。
1413,1634-04-4,一氧化碳
1414,1640-89-7,一氧化碳
1415,16454-60-7,氮氧化物。
1416,1656-44-6,一氧化碳
1417,1656-44-6,氯化氢
1418,1656-44-6,氧化硫
1419,1656-44-6,氧化氮。
1420,1656-48-0,一氧化碳
1421,1656-48-0,二氧化碳
1422,1656-48-0,氮氧化物
1423,1656-48-0,氰化氢。
1424,1663-67-8,一氧化碳
1425,1663-67-8,二氧化碳
1426,1663-67-8,氯化氢
1427,1663-67-8,光气。
1428,1666-13-3,一氧化碳
1429,1666-13-3,二氧化碳
1430,1666-13-3,氧化硒
1431,16721-80-5,硫化氢。
1432,16752-77-5,一氧化碳
1433,16752-77-5,二氧化碳
1434,16752-77-5,氧化氮
1435,16752-77-5,氧化硫。
1436,16774-21-3,氮氧化物。
1437,1678-91-7,一氧化碳
1438,1678-93-9,一氧化碳
1439,1679-09-0,一氧化碳
1440,1679-09-0,二氧化碳
1441,1679-09-0,硫化氢。
1442,16853-85-3,氧化铝
1443,16853-85-3,氢气
1444,16871-71-9,氧化锌
1445,16871-71-9,氟化氢
1446,16871-71-9,氧化硅。
1447,16871-90-2,一氧化碳
1448,16871-90-2,二氧化碳。
1449,16872-11-0,无意义
1450,1689-84-5,一氧化碳
1451,1689-84-5,二氧化碳
1452,1689-84-5,氧化氮
1453,1689-84-5,溴化氢。
1454,16893-85-9,氟化氢
1455,16893-85-9,氧化硅
1456,16893-85-9,氧化钠。
1457,16923-95-8,氟化氢
1458,16923-95-8,氧化钾。
1459,16924-00-8,氧化钾
1460,16924-00-8,氟化物。
1461,1694-92-4,一氧化碳
1462,1694-92-4,二氧化碳
1463,1694-92-4,氮氧化物
1464,1694-92-4,氯化氢
1465,1694-92-4,氧化硫。
1466,16940-81-1,氟化氢
1467,16940-81-1,氧化磷
1468,16940-81-1,磷化氢。
1469,16941-12-1,氯化氢。
1470,16949-15-8,氧化硼
1471,16949-15-8,氢气。
1472,16949-65-8,氧化镁。
1473,16961-83-4,无意义
1474,16962-07-5,氧化铝
1475,16962-07-5,氧化硼。
1476,17014-71-0,无意义
1477,17109-49-8,一氧化碳
1478,17109-49-8,二氧化碳
1479,17109-49-8,氧化硫
1480,17109-49-8,氧化磷。
1481,1712-64-7,一氧化碳
1482,1712-64-7,氮氧化物
1483,17125-80-3,氟化氢。
1484,1719-53-5,一氧化碳
1485,1719-53-5,二氧化碳
1486,1719-53-5,氯化氢
1487,1719-53-5,氧化硅。
1488,17194-00-2,无意义
1489,1721-93-3,一氧化碳
1490,1721-93-3,二氧化碳
1491,1721-93-3,氮氧化物
1492,1738-25-6,一氧化碳
1493,1738-25-6,二氧化碳
1494,1738-25-6,氮氧化物。
1495,1746-01-6,一氧化碳
1496,1746-01-6,二氧化碳
1497,1746-01-6,氯化氢。
1498,17639-93-9,一氧化碳
1499,17639-93-9,二氧化碳
1500,17639-93-9,氯化氢。
1501,17702-41-9,氧化硼
1502,17702-41-9,氢气
1503,17804-35-2,一氧化碳
1504,17804-35-2,二氧化碳
1505,17804-35-2,氮氧化物。
1506,17861-62-0,氮氧化物。
1507,1789-58-8,一氧化碳
1508,1789-58-8,氯化氢
1509,1789-58-8,氧化硅
1510,1795-48-8,一氧化碳
1511,1795-48-8,二氧化碳
1512,1795-48-8,氮氧化物
1513,1795-48-8,氰化氢。
1514,1809-19-4,一氧化碳
1515,1809-19-4,二氧化碳
1516,1809-19-4,氧化磷。
1517,1825-62-3,一氧化碳
1518,1825-62-3,二氧化碳
1519,1825-62-3,氧化硅。
1520,1838-59-1,一氧化碳
1521,1838-59-1,二氧化碳。
1522,18810-58-7,氮氧化物。
1523,1885-14-9,一氧化碳
1524,1885-14-9,二氧化碳
1525,1885-14-9,氯化氢。
1526,1907-13-7,一氧化碳
1527,1907-13-7,二氧化碳
1528,1907-13-7,氧化锡。
1529,1918-16-7,一氧化碳
1530,1918-16-7,二氧化碳
1531,1918-16-7,氯化氢
1532,1918-16-7,氧化硫。
1533,19287-45-7,氧化硼
1534,19398-61-9,一氧化碳
1535,19398-61-9,二氧化碳
1536,19398-61-9,氯化氢。
1537,1942-45-6,一氧化碳
1538,1942-45-6,二氧化碳。
1539,19624-22-7,氧化硼
1540,1983-10-4,一氧化碳
1541,1983-10-4,二氧化碳
1542,1983-10-4,氧化锡
1543,1989-53-3,一氧化碳
1544,1989-53-3,二氧化碳
1545,1989-53-3,氯化氢。
1546,19910-65-7,一氧化碳
1547,19910-65-7,二氧化碳。
1548,20063-92-7,一氧化碳
1549,20063-92-7,二氧化碳。
1550,2031-67-6,一氧化碳
1551,2031-67-6,二氧化碳
1552,2031-67-6,氧化硅。
1553,20324-26-9,一氧化碳
1554,20324-26-9,氧化砷
1555,20324-26-9,氧化锌
1556,20325-40-0,一氧化碳
1557,20325-40-0,二氧化碳
1558,20325-40-0,氮氧化物
1559,20325-40-0,氯化氢。
1560,2040-95-1,一氧化碳
1561,2040-96-2,一氧化碳
1562,2040-96-2,二氧化碳。
1563,2045-00-3,一氧化碳
1564,2045-00-3,二氧化碳
1565,2045-00-3,氮氧化物
1566,2045-00-3,氧化砷。
1567,2050-60-4,一氧化碳
1568,2050-92-2,一氧化碳
1569,2050-92-2,氮氧化物
1570,2051-78-7,一氧化碳
1571,2051-78-7,二氧化碳。
1572,2052-49-5,一氧化碳
1573,2052-49-5,二氧化碳
1574,2052-49-5,氮氧化物
1575,2052-49-5,氨。
1576,206-44-0,一氧化碳
1577,206-44-0,二氧化碳。
1578,20694-39-7,无意义
1579,20770-41-6,氧化磷
1580,20770-41-6,磷化氢
1581,20770-41-6,氧化钾。
1582,20816-12-0,可能产生有害的毒性烟雾。
1583,20830-75-5,一氧化碳
1584,20830-75-5,二氧化碳
1585,20859-73-8,磷氧化物
1586,20859-73-8,铝氧化物
1587,2104-64-5,一氧化碳
1588,2104-64-5,二氧化碳
1589,2104-64-5,氧化氮
1590,2104-64-5,硫化氢
1591,2104-64-5,溴气。
1592,21109-95-5,二氧化硫
1593,21109-95-5,氧化钡
1594,2116-65-6,一氧化碳
1595,2116-65-6,二氧化碳
1596,2116-65-6,氮氧化物。
1597,21351-79-1,"Non-combustible, substance itself does not burn but may decompose upon heating to produce corrosive and/or toxic fumes."
1598,21609-90-5,一氧化碳
1599,21609-90-5,二氧化碳
1600,21609-90-5,氯化氢
1601,21609-90-5,氧化硫
1602,21609-90-5,溴化氢
1603,21609-90-5,氧化磷。
1604,21908-53-2,氧化汞。
1605,21923-23-9,一氧化碳
1606,21923-23-9,二氧化碳
1607,21923-23-9,氯化氢
1608,21923-23-9,二氧化硫
1609,2198-23-4,一氧化碳
1610,2198-23-4,二氧化碳。
1611,22128-62-7,一氧化碳
1612,22128-62-7,二氧化碳
1613,22128-62-7,氯化氢。
1614,2216-30-0,一氧化碳
1615,2216-30-0,二氧化碳。
1616,22224-92-6,一氧化碳
1617,22224-92-6,二氧化碳
1618,22224-92-6,氮氧化物
1619,22224-92-6,磷烷
1620,22224-92-6,氧化硫。
1621,2235-25-8,氧化磷
1622,2235-25-8,氧化汞
1623,2237-30-1,一氧化碳
1624,2237-30-1,二氧化碳
1625,2237-30-1,氮氧化物
1626,2237-30-1,氰化氢。
1627,2238-07-5,一氧化碳
1628,2238-07-5,二氧化碳。
1629,2275-18-5,一氧化碳
1630,2275-18-5,二氧化碳
1631,2275-18-5,氮氧化物
1632,2275-18-5,氧化磷
1633,2275-18-5,氧化硫。
1634,2279-76-7,一氧化碳
1635,2279-76-7,二氧化碳
1636,2279-76-7,氯化氢。
1637,2312-76-7,一氧化碳
1638,2312-76-7,二氧化碳
1639,2312-76-7,氮氧化物
1640,2312-76-7,氧化钠。
1641,23135-22-0,一氧化碳
1642,23135-22-0,二氧化碳
1643,23135-22-0,氮氧化物
1644,23135-22-0,氧化硫。
1645,2315-02-8,一氧化碳
1646,2315-02-8,二氧化碳
1647,2315-02-8,氮氧化物
1648,2315-02-8,氯化氢。
1649,23255-69-8,一氧化碳
1650,23255-69-8,二氧化碳
1651,2338-12-7,一氧化碳
1652,2338-12-7,二氧化碳
1653,2338-12-7,氮氧化物。
1654,23414-72-4,氧化锰
1655,23414-72-4,氧化锌。
1656,2344-80-1,一氧化碳
1657,2344-80-1,二氧化碳
1658,2344-80-1,氯化氢
1659,2344-80-1,氧化硅。
1660,23745-86-0,一氧化碳
1661,23745-86-0,二氧化碳
1662,23745-86-0,氟化氢
1663,23745-86-0,氧化钾。
1664,2385-85-5,一氧化碳
1665,2385-85-5,二氧化碳
1666,2385-85-5,氯化氢。
1667,2417-90-5,一氧化碳
1668,2417-90-5,二氧化碳
1669,2417-90-5,氮氧化物
1670,2417-90-5,溴化氢。
1671,24279-91-2,一氧化碳
1672,24279-91-2,二氧化碳
1673,24279-91-2,氧化氮
1674,24468-13-1,一氧化碳
1675,24468-13-1,二氧化碳
1676,24468-13-1,氯化氢。
1677,2452-99-5,一氧化碳
1678,2493-02-9,一氧化碳
1679,2493-02-9,二氧化碳
1680,2493-02-9,氮氧化物
1681,2493-02-9,氰化氢
1682,2493-02-9,溴化氢
1683,24934-91-6,一氧化碳
1684,24934-91-6,二氧化碳
1685,24934-91-6,氯化氢
1686,24934-91-6,氧化硫
1687,24934-91-6,氧化磷。
1688,25109-57-3,一氧化碳
1689,25109-57-3,二氧化碳
1690,25109-57-3,溴化氢包装储运及工程控制事项危险货物包装标志：
1691,25155-25-3,"Fire may produce irritating, corrosive and/or toxic gases."
1692,2516-33-8,一氧化碳
1693,2516-33-8,二氧化碳。
1694,25324-56-5,氧化磷
1695,25324-56-5,磷化氢
1696,25324-56-5,氧化锡。
1697,2551-62-4,无意义
1698,25550-55-4,一氧化碳
1699,25550-55-4,氮氧化物
1700,25659-31-8,无意义
1701,2571-22-4,一氧化碳
1702,2571-22-4,二氧化碳
1703,2588-03-6,一氧化碳
1704,2588-03-6,二氧化碳
1705,2588-03-6,磷氧化物
1706,2588-03-6,硫氧化物
1707,260-94-6,一氧化碳
1708,260-94-6,二氧化碳
1709,260-94-6,氧化氮。
1710,26134-62-3,氮氧化物
1711,26134-62-3,氧化锂。
1712,2631-37-0,一氧化碳
1713,2631-37-0,二氧化碳
1714,2631-37-0,氮氧化物。
1715,2642-71-9,一氧化碳
1716,2642-71-9,二氧化碳
1717,2642-71-9,氮氧化物
1718,2642-71-9,氧化硫
1719,2642-71-9,氧化磷。
1720,26506-47-8,氯化氢
1721,26506-47-8,氧化铜。
1722,26571-79-9,一氧化碳
1723,26571-79-9,二氧化碳
1724,26571-79-9,氯化氢
1725,26571-79-9,氧化硅。
1726,26628-22-8,无意义
1727,26762-93-6,Flammable alcohol and ketone gases are formed in fire.
1728,2691-41-0,一氧化碳
1729,2691-41-0,二氧化碳
1730,2691-41-0,氮氧化物。
1731,2696-92-6,无意义
1732,2699-79-8,氧化硫
1733,2699-79-8,氟化氢。
1734,271-89-6,一氧化碳
1735,271-89-6,二氧化碳。
1736,27137-85-5,一氧化碳
1737,27137-85-5,二氧化碳
1738,27137-85-5,氯化氢
1739,27137-85-5,氧化硅。
1740,27152-57-4,无意义
1741,27193-28-8,一氧化碳
1742,27193-28-8,二氧化碳。
1743,27215-10-7,一氧化碳
1744,27215-10-7,二氧化碳
1745,27215-10-7,氧化磷。
1746,2738-18-3,一氧化碳
1747,2738-18-3,二氧化碳。
1748,2757-18-8,一氧化碳
1749,2757-18-8,二氧化碳
1750,2757-18-8,氧化铊。
1751,27774-13-6,"Non-combustible, substance itself does not burn but may decompose upon heating to produce corrosive and/or toxic fumes."
1752,2782-57-2,一氧化碳
1753,2782-57-2,二氧化碳
1754,2782-57-2,氮氧化物
1755,2782-57-2,氯化物。
1756,2809-67-8,一氧化碳
1757,286-20-4,一氧化碳
1758,286-20-4,二氧化碳。
1759,2867-47-2,一氧化碳
1760,2867-47-2,二氧化碳
1761,2867-47-2,氮氧化物。
1762,287-92-3,一氧化碳
1763,28772-56-7,一氧化碳
1764,28772-56-7,二氧化碳
1765,28772-56-7,溴化氢。
1766,28930-30-5,一氧化碳
1767,28930-30-5,二氧化碳
1768,28930-30-5,氮氧化物
1769,28930-30-5,氧化硫。
1770,28995-89-3,一氧化碳
1771,28995-89-3,二氧化碳
1772,28995-89-3,氮氧化物。
1773,291-64-5,一氧化碳
1774,292-64-8,一氧化碳
1775,2937-50-0,一氧化碳
1776,2937-50-0,二氧化碳
1777,2937-50-0,氯化氢
1778,2937-50-0,光气。
1779,2941-64-2,一氧化碳
1780,2941-64-2,二氧化碳
1781,2941-64-2,氯化氢
1782,2941-64-2,氧化硫。
1783,297-78-9,一氧化碳
1784,297-78-9,二氧化碳
1785,297-78-9,氯化氢。
1786,297-97-2,一氧化碳
1787,297-97-2,二氧化碳
1788,297-97-2,氮氧化物
1789,297-97-2,氧化硫
1790,297-97-2,氧化磷。
1791,298-00-0,一氧化碳
1792,298-00-0,氮氧化物
1793,298-00-0,氧化硫
1794,298-00-0,氧化磷
1795,298-02-2,一氧化碳
1796,298-02-2,氧化磷
1797,298-02-2,氧化硫
1798,298-04-4,一氧化碳
1799,298-04-4,二氧化碳
1800,298-04-4,氧化磷
1801,298-04-4,氧化硫。
1802,298-18-0,一氧化碳
1803,298-18-0,二氧化碳。
1804,299-45-6,一氧化碳
1805,299-45-6,二氧化碳
1806,299-45-6,氧化硫
1807,299-45-6,氧化磷。
1808,29921-57-1,一氧化碳
1809,29921-57-1,二氧化碳
1810,29921-57-1,溴化氢。
1811,2999-46-4,一氧化碳
1812,2999-46-4,二氧化碳
1813,2999-46-4,氧化氮。
1814,2999-74-8,一氧化碳
1815,2999-74-8,二氧化碳
1816,2999-74-8,氧化镁。
1817,300-76-5,氯化氢
1818,300-76-5,溴化氢
1819,300-76-5,氧化磷
1820,3006-82-4,"Fire may produce irritating, corrosive and/or toxic gases."
1821,3006-86-8,Emits toxic fumes during a fire.
1822,301-10-0,一氧化碳
1823,301-10-0,二氧化碳
1824,301-10-0,锡
1825,301-10-0,氧化锡。
1826,3012-37-1,一氧化碳
1827,3012-37-1,二氧化碳
1828,3012-37-1,氮氧化物
1829,3012-37-1,氧化硫
1830,3012-37-1,硫化物。
1831,3017-95-6,一氧化碳
1832,3017-95-6,二氧化碳
1833,3017-95-6,氯化氢
1834,3017-95-6,溴化氢。
1835,3018-12-0,一氧化碳
1836,3018-12-0,氯化氢
1837,3018-12-0,氮氧化物
1838,302-01-2,氮氧化物
1839,302-27-2,一氧化碳
1840,302-27-2,二氧化碳
1841,302-27-2,氧化氮
1842,303-04-8,氯化氢
1843,303-04-8,氟化氢。
1844,3034-19-3,一氧化碳
1845,3034-19-3,氮氧化物
1846,3054-95-3,一氧化碳
1847,3054-95-3,二氧化碳。
1848,30685-43-9,一氧化碳
1849,30685-43-9,二氧化碳
1850,307-35-7,"Fire may produce irritating, corrosive and/or toxic gases."
1851,3087-36-3,一氧化碳
1852,3087-36-3,氧化钛
1853,3087-37-4,一氧化碳
1854,3087-37-4,氧化钛
1855,309-00-2,一氧化碳
1856,309-00-2,二氧化碳
1857,309-00-2,氯化氢。
1858,311-45-5,一氧化碳
1859,311-45-5,二氧化碳
1860,311-45-5,氮氧化物
1861,311-45-5,磷氧化物
1862,3132-64-7,一氧化碳
1863,3132-64-7,溴化氢
1864,3153-36-4,一氧化碳
1865,3153-36-4,氯化氢
1866,3165-93-3,一氧化碳
1867,3165-93-3,二氧化碳
1868,3165-93-3,氮氧化物
1869,3165-93-3,氯化氢。
1870,3178-22-1,一氧化碳
1871,3178-22-1,二氧化碳。
1872,3179-63-3,一氧化碳
1873,3179-63-3,氮氧化物
1874,31876-38-7,一氧化碳
1875,31876-38-7,二氧化碳
1876,3188-13-4,一氧化碳
1877,3188-13-4,氯化氢
1878,32315-10-9,"Fire may produce irritating, corrosive and/or toxic gases."
1879,3254-63-5,一氧化碳
1880,3254-63-5,二氧化碳
1881,3254-63-5,磷氧化物
1882,3254-63-5,硫氧化物
1883,327-98-0,一氧化碳
1884,327-98-0,二氧化碳
1885,327-98-0,氧化磷
1886,327-98-0,氧化硫
1887,327-98-0,氯化氢。
1888,32749-94-3,一氧化碳
1889,32749-94-3,二氧化碳。
1890,3282-30-2,一氧化碳
1891,3282-30-2,二氧化碳
1892,3282-30-2,氯化氢。
1893,329-01-1,一氧化碳
1894,329-01-1,二氧化碳
1895,329-01-1,氰化氢
1896,329-01-1,氟化氢
1897,329-01-1,氮氧化物。
1898,334-88-3,一氧化碳
1899,334-88-3,氮气
1900,34018-28-5,无意义
1901,348-51-6,"Fire may produce irritating, corrosive and/or toxic gases."
1902,348-54-9,一氧化碳
1903,348-54-9,二氧化碳
1904,348-54-9,氮氧化物
1905,348-54-9,氟化氢。
1906,3497-00-5,一氧化碳
1907,3497-00-5,二氧化碳
1908,3497-00-5,氧化硫
1909,3497-00-5,氯化氢
1910,3497-00-5,氧化磷。
1911,352-32-9,一氧化碳
1912,352-32-9,氟化氢
1913,352-33-0,一氧化碳
1914,352-33-0,二氧化碳
1915,352-33-0,氯化氢
1916,352-33-0,氟化氢。
1917,352-70-5,一氧化碳
1918,352-70-5,二氧化碳
1919,352-70-5,氟化氢。
1920,352-93-2,一氧化碳
1921,352-93-2,硫化氢
1922,352-93-2,氧化硫
1923,3522-94-9,一氧化碳
1924,35223-80-4,一氧化碳
1925,35223-80-4,溴化氢
1926,353-36-6,一氧化碳
1927,353-36-6,氟化氢
1928,353-50-4,一氧化碳
1929,353-50-4,氟化氢。
1930,353-59-3,氟化氢
1931,353-59-3,氯化氢
1932,353-59-3,溴化氢。
1933,354-32-5,一氧化碳
1934,354-32-5,氯化氢
1935,354-32-5,氟化物。
1936,35523-89-8,一氧化碳
1937,35523-89-8,二氧化碳
1938,35523-89-8,氧化氮
1939,357-57-3,一氧化碳
1940,357-57-3,二氧化碳
1941,357-57-3,氧化氮
1942,360-89-4,氟化氢。
1943,36355-01-8,一氧化碳
1944,36355-01-8,二氧化碳
1945,36355-01-8,溴化氢。
1946,3638-73-1,一氧化碳
1947,3638-73-1,二氧化碳
1948,3638-73-1,氮氧化物
1949,3638-73-1,溴化氢。
1950,367-11-3,一氧化碳
1951,367-11-3,氟化氢
1952,3689-24-5,一氧化碳
1953,3689-24-5,二氧化碳
1954,3689-24-5,硫化物
1955,3689-24-5,氧化硫
1956,3689-24-5,氧化磷。
1957,371-40-4,一氧化碳
1958,371-40-4,氮氧化物
1959,371-40-4,氟化氢
1960,3710-30-3,一氧化碳
1961,3710-30-3,二氧化碳。
1962,372-09-8,一氧化碳
1963,372-09-8,氮氧化物
1964,372-18-9,一氧化碳
1965,372-18-9,氟化氢
1966,372-19-0,一氧化碳
1967,372-19-0,二氧化碳
1968,372-19-0,氮氧化物
1969,372-19-0,氟化氢。
1970,37203-43-3,一氧化碳
1971,37203-43-3,二氧化碳
1972,37203-43-3,氮氧化物
1973,37203-43-3,氯化氢。
1974,375-22-4,一氧化碳
1975,375-22-4,二氧化碳
1976,375-22-4,氟化氢。
1977,3811-04-9,无意义
1978,382-21-8,氟化物。
1979,383-63-1,一氧化碳
1980,383-63-1,二氧化碳
1981,383-63-1,氟化氢。
1982,3851-87-4,一氧化碳
1983,3851-87-4,二氧化碳。
1984,3926-62-3,一氧化碳
1985,3926-62-3,二氧化碳
1986,3926-62-3,氯化氢
1987,3926-62-3,氧化钠。
1988,3982-91-0,氯化氢
1989,3982-91-0,氧化磷
1990,407-25-0,一氧化碳
1991,407-25-0,氟化氢
1992,4098-71-9,一氧化碳
1993,4098-71-9,二氧化碳
1994,4098-71-9,氮氧化物
1995,4098-71-9,氰化氢。
1996,41083-11-8,一氧化碳
1997,41083-11-8,二氧化碳
1998,41083-11-8,氮氧化物
1999,41083-11-8,氧化锡。
2000,4109-96-0,氯化氢
2001,4109-96-0,氧化硅
2002,4170-30-3,一氧化碳
2003,420-46-2,一氧化碳
2004,420-46-2,氟化氢
2005,421-50-1,一氧化碳
2006,421-50-1,二氧化碳
2007,421-50-1,氟化氢。
2008,431-03-8,一氧化碳
2009,431-03-8,二氧化碳。
2010,4316-42-1,"Fire may produce irritating, corrosive and/or toxic gases."
2011,4351-54-6,一氧化碳
2012,4351-54-6,二氧化碳。
2013,4435-53-4,一氧化碳
2014,4435-53-4,二氧化碳。
2015,4484-72-4,一氧化碳
2016,4484-72-4,二氧化碳
2017,4484-72-4,氧化硅。
2018,459-72-3,一氧化碳
2019,459-72-3,二氧化碳
2020,459-72-3,氟化氢。
2021,460-19-5,氰化氢
2022,460-19-5,氧化氮。
2023,462-06-6,一氧化碳
2024,462-06-6,氟化氢
2025,462-08-8,一氧化碳
2026,462-08-8,二氧化碳
2027,462-08-8,氮氧化物。
2028,462-94-2,一氧化碳
2029,462-94-2,氮氧化物
2030,462-95-3,一氧化碳
2031,462-95-3,二氧化碳。
2032,463-04-7,一氧化碳
2033,463-04-7,二氧化碳
2034,463-04-7,氧化氮。
2035,463-49-0,一氧化碳
2036,463-58-1,一氧化碳
2037,463-58-1,硫化氢
2038,463-58-1,氧化硫。
2039,463-71-8,一氧化碳
2040,463-71-8,二氧化碳
2041,463-71-8,氯化氢
2042,463-71-8,氧化硫。
2043,463-82-1,一氧化碳
2044,464-06-2,一氧化碳
2045,464-06-2,二氧化碳。
2046,470-82-6,一氧化碳
2047,470-82-6,二氧化碳。
2048,471-25-0,一氧化碳
2049,471-25-0,二氧化碳。
2050,4733-50-0,一氧化碳
2051,4733-50-0,二氧化碳
2052,4733-50-0,氧化氮。
2053,479-45-8,一氧化碳
2054,479-45-8,氮氧化物
2055,4795-29-3,一氧化碳
2056,4795-29-3,二氧化碳
2057,4795-29-3,氮氧化物。
2058,4824-78-6,一氧化碳
2059,4824-78-6,二氧化碳
2060,4824-78-6,氯化氢
2061,4824-78-6,溴化氢
2062,4824-78-6,氧化硫
2063,4824-78-6,氧化磷。
2064,485-31-4,一氧化碳
2065,485-31-4,二氧化碳
2066,485-31-4,氮氧化物。
2067,489-98-5,一氧化碳
2068,489-98-5,氮氧化物
2069,491-35-0,一氧化碳
2070,491-35-0,二氧化碳
2071,491-35-0,氮氧化物。
2072,496-74-2,一氧化碳
2073,496-74-2,二氧化碳
2074,496-74-2,氧化硫。
2075,50-00-0,一氧化碳
2076,50-07-7,一氧化碳
2077,50-07-7,二氧化碳
2078,50-07-7,氧化氮
2079,50-29-3,一氧化碳
2080,50-29-3,二氧化碳
2081,50-29-3,氯化氢。
2082,50-76-0,一氧化碳
2083,50-76-0,二氧化碳
2084,50-76-0,氧化氮
2085,501-53-1,一氧化碳
2086,501-53-1,二氧化碳
2087,501-53-1,氯化氢
2088,501-53-1,光气。
2089,502-39-6,一氧化碳
2090,502-39-6,二氧化碳
2091,502-39-6,氧化氮
2092,502-39-6,氰化氢
2093,502-42-1,一氧化碳
2094,5026-76-6,一氧化碳
2095,503-17-3,一氧化碳
2096,503-38-8,氯化氢
2097,503-38-8,光气。
2098,504-24-5,一氧化碳
2099,504-24-5,氮氧化物
2100,504-29-0,一氧化碳
2101,504-29-0,二氧化碳
2102,504-29-0,氧化氮。
2103,504-60-9,一氧化碳
2104,506-61-6,氰化物
2105,506-61-6,氰化氢
2106,506-61-6,氧化钾
2107,506-61-6,氧化银。
2108,506-64-9,无意义
2109,506-68-3,无意义
2110,506-77-4,无意义
2111,506-78-5,氧化氮
2112,506-78-5,氰化氢
2113,506-78-5,碘化氢。
2114,506-93-4,无意义
2115,507-02-8,一氧化碳
2116,507-02-8,二氧化碳
2117,507-02-8,碘化氢。
2118,507-09-5,一氧化碳
2119,507-09-5,硫化氢
2120,507-09-5,氧化硫
2121,507-20-0,一氧化碳
2122,507-20-0,二氧化碳
2123,507-20-0,氯化氢。
2124,507-60-8,一氧化碳
2125,507-60-8,二氧化碳
2126,509-14-8,一氧化碳
2127,509-14-8,氮氧化物
2128,51-18-3,一氧化碳
2129,51-18-3,二氧化碳
2130,51-18-3,氮氧化物。
2131,51-28-5,一氧化碳
2132,51-28-5,氮氧化物
2133,51-43-4,一氧化碳
2134,51-43-4,二氧化碳
2135,51-43-4,氧化氮
2136,51-75-2,一氧化碳
2137,51-75-2,二氧化碳
2138,51-75-2,氮氧化物
2139,51-75-2,氯化氢。
2140,51-83-2,一氧化碳
2141,51-83-2,二氧化碳
2142,51-83-2,氮氧化物
2143,51-83-2,氯化氢。
2144,510-15-6,一氧化碳
2145,510-15-6,二氧化碳
2146,510-15-6,氯化氢。
2147,5117-16-8,一氧化碳
2148,5117-16-8,二氧化碳
2149,5117-16-8,氮氧化物
2150,5117-16-8,氧化硒。
2151,513-35-9,一氧化碳
2152,513-36-0,一氧化碳
2153,513-36-0,二氧化碳
2154,513-36-0,氯化氢。
2155,513-38-2,一氧化碳
2156,513-38-2,碘化氢
2157,513-42-8,一氧化碳
2158,513-42-8,二氧化碳。
2159,513-44-0,一氧化碳
2160,513-44-0,硫化氢
2161,513-44-0,氧化硫
2162,513-48-4,一氧化碳
2163,513-48-4,二氧化碳
2164,513-48-4,碘化氢。
2165,513-53-1,一氧化碳
2166,513-53-1,二氧化碳
2167,513-53-1,硫化氢
2168,513-53-1,氧化硫。
2169,513-86-0,一氧化碳
2170,513-86-0,二氧化碳。
2171,519-44-8,一氧化碳
2172,519-44-8,氮氧化物
2173,52-68-6,一氧化碳
2174,52-68-6,氯化氢
2175,52-68-6,氧化磷
2176,52-85-7,一氧化碳
2177,52-85-7,二氧化碳
2178,52-85-7,氮氧化物
2179,52-85-7,磷氧化物
2180,52-85-7,硫氧化物
2181,52315-07-8,一氧化碳
2182,52315-07-8,二氧化碳
2183,52315-07-8,氮氧化物
2184,52315-07-8,氯化氢
2185,52315-07-8,氰化物。
2186,526-73-8,一氧化碳
2187,526-75-0,一氧化碳
2188,526-75-0,二氧化碳。
2189,527-69-5,一氧化碳
2190,527-69-5,二氧化碳
2191,527-69-5,氯化氢。
2192,528-29-0,一氧化碳
2193,528-29-0,氮氧化物
2194,5283-66-9,一氧化碳
2195,5283-66-9,二氧化碳
2196,5283-66-9,氧化硅
2197,5283-66-9,氯化氢。
2198,5283-67-0,一氧化碳
2199,5283-67-0,二氧化碳
2200,5283-67-0,氧化硅
2201,5283-67-0,氯化氢。
2202,529-19-1,一氧化碳
2203,529-19-1,二氧化碳
2204,529-19-1,氮氧化物。
2205,5292-43-3,一氧化碳
2206,5292-43-3,溴化氢
2207,532-27-4,一氧化碳
2208,532-27-4,二氧化碳。
2209,532-28-5,一氧化碳
2210,532-28-5,二氧化碳
2211,532-28-5,氮氧化物
2212,532-28-5,氰化氢。
2213,5329-14-6,无意义
2214,534-07-6,一氧化碳
2215,534-07-6,氯化物
2216,534-15-6,一氧化碳
2217,534-15-6,二氧化碳。
2218,534-22-5,一氧化碳
2219,534-22-5,二氧化碳。
2220,534-52-1,一氧化碳
2221,534-52-1,二氧化碳
2222,534-52-1,氮氧化物。
2223,5345-54-0,一氧化碳
2224,5345-54-0,二氧化碳
2225,5345-54-0,氮氧化物
2226,5345-54-0,氯化氢。
2227,535-13-7,一氧化碳
2228,535-13-7,二氧化碳
2229,535-13-7,氯化氢。
2230,536-74-3,一氧化碳
2231,536-75-4,一氧化碳
2232,536-75-4,二氧化碳
2233,536-75-4,氮氧化物。
2234,536-78-7,一氧化碳
2235,536-78-7,二氧化碳
2236,536-78-7,氮氧化物。
2237,536-90-3,一氧化碳
2238,536-90-3,二氧化碳
2239,536-90-3,氧化氮。
2240,538-08-9,一氧化碳
2241,538-08-9,二氧化碳
2242,538-08-9,氰化物
2243,538-08-9,氮氧化物。
2244,539-82-2,一氧化碳
2245,54-11-5,一氧化碳
2246,54-11-5,二氧化碳
2247,54-11-5,氧化氮。
2248,540-18-1,一氧化碳
2249,540-36-3,一氧化碳
2250,540-36-3,氟化氢
2251,540-38-5,一氧化碳
2252,540-38-5,二氧化碳
2253,540-38-5,碘化氢。
2254,540-42-1,一氧化碳
2255,540-51-2,一氧化碳
2256,540-51-2,溴化氢
2257,540-54-5,一氧化碳
2258,540-54-5,氯化氢
2259,540-59-0,一氧化碳
2260,540-59-0,氯化氢
2261,540-59-0,光气
2262,540-67-0,一氧化碳
2263,540-73-8,一氧化碳
2264,540-73-8,氮氧化物
2265,540-84-1,一氧化碳
2266,540-88-5,一氧化碳
2267,5405-53-8,一氧化碳
2268,5405-53-8,二氧化碳
2269,5405-53-8,氮氧化物。
2270,541-31-1,一氧化碳
2271,541-31-1,硫化氢
2272,541-31-1,氧化硫
2273,541-41-3,一氧化碳
2274,541-41-3,氯化氢
2275,541-41-3,光气
2276,541-42-4,一氧化碳
2277,541-42-4,氮氧化物
2278,541-73-1,一氧化碳
2279,541-73-1,氯化氢
2280,541-88-8,一氧化碳
2281,541-88-8,氯化氢
2282,541-88-8,光气
2283,5419-55-6,一氧化碳
2284,5419-55-6,二氧化碳。
2285,542-54-1,一氧化碳
2286,542-54-1,二氧化碳
2287,542-54-1,氮氧化物。
2288,542-55-2,一氧化碳
2289,542-56-3,一氧化碳
2290,542-56-3,氮氧化物
2291,542-62-1,无意义
2292,542-69-8,一氧化碳
2293,542-69-8,碘化氢
2294,542-75-6,一氧化碳
2295,542-75-6,氯化氢
2296,542-75-6,光气
2297,542-76-7,一氧化碳
2298,542-76-7,氰化氢
2299,542-76-7,氯化氢
2300,542-76-7,氮氧化物
2301,542-88-1,一氧化碳
2302,542-88-1,氯化氢
2303,542-90-5,一氧化碳
2304,542-90-5,硫化物
2305,542-90-5,氰化氢
2306,542-90-5,氮氧化物
2307,542-92-7,一氧化碳
2308,543-20-4,一氧化碳
2309,543-20-4,光气
2310,543-27-1,一氧化碳
2311,543-27-1,氯化氢
2312,543-59-9,一氧化碳
2313,543-59-9,二氧化碳
2314,543-59-9,氯化氢
2315,543-59-9,光气。
2316,543-67-9,一氧化碳
2317,543-67-9,氮氧化物
2318,543-80-6,一氧化碳
2319,543-80-6,二氧化碳
2320,543-80-6,氧化钡。
2321,543-81-7,一氧化碳
2322,543-81-7,二氧化碳
2323,543-81-7,氧化铍。
2324,544-01-4,一氧化碳
2325,544-10-5,一氧化碳
2326,544-10-5,氯化氢
2327,544-13-8,一氧化碳
2328,544-13-8,氮氧化物
2329,544-16-1,一氧化碳
2330,544-16-1,氮氧化物
2331,544-25-2,一氧化碳
2332,544-25-2,二氧化碳。
2333,544-92-3,无意义
2334,544-97-8,一氧化碳
2335,544-97-8,二氧化碳
2336,544-97-8,氧化锌。
2337,545-06-2,一氧化碳
2338,545-06-2,氮氧化物
2339,545-06-2,氯化氢
2340,545-55-1,一氧化碳
2341,545-55-1,二氧化碳
2342,545-55-1,氮氧化物
2343,545-55-1,磷氧化物
2344,546-68-9,一氧化碳
2345,546-68-9,氧化钛
2346,547-63-7,一氧化碳
2347,547-63-7,二氧化碳。
2348,547-64-8,一氧化碳
2349,55-38-9,一氧化碳
2350,55-38-9,二氧化碳
2351,55-38-9,硫化氢
2352,55-38-9,氧化硫
2353,55-38-9,氧化磷。
2354,55-63-0,氮氧化物
2355,55-63-0,一氧化碳
2356,55-68-5,一氧化碳
2357,55-68-5,二氧化碳
2358,55-68-5,氮氧化物
2359,55-68-5,汞。
2360,55-91-4,一氧化碳
2361,55-91-4,氟化氢
2362,55-91-4,氧化磷
2363,55-91-4,磷烷。
2364,551-06-4,一氧化碳
2365,551-06-4,二氧化碳
2366,551-06-4,氧化氮
2367,551-06-4,氧化硫。
2368,552-46-5,一氧化碳
2369,552-46-5,二氧化碳
2370,552-46-5,氮氧化物
2371,552-46-5,氯化氢。
2372,553-90-2,一氧化碳
2373,554-00-7,一氧化碳
2374,554-00-7,氮氧化物
2375,554-00-7,氯化氢
2376,554-12-1,一氧化碳
2377,554-84-7,一氧化碳
2378,554-84-7,氮氧化物
2379,555-03-3,一氧化碳
2380,555-03-3,氮氧化物
2381,555-21-5,一氧化碳
2382,555-21-5,二氧化碳
2383,555-21-5,氧化氮
2384,555-21-5,氰化氢。
2385,556-24-1,一氧化碳
2386,556-24-1,二氧化碳。
2387,556-56-9,一氧化碳
2388,556-56-9,二氧化碳
2389,556-56-9,碘化氢。
2390,556-61-6,一氧化碳
2391,556-61-6,二氧化碳
2392,556-61-6,氧化氮
2393,556-61-6,氰化氢
2394,556-61-6,硫化物。
2395,556-64-9,一氧化碳
2396,556-64-9,氮氧化物
2397,556-64-9,氧化硫
2398,556-88-7,氮氧化物
2399,557-17-5,一氧化碳
2400,557-17-5,二氧化碳。
2401,557-18-6,一氧化碳
2402,557-18-6,二氧化碳
2403,557-18-6,氧化镁。
2404,557-19-7,氮氧化物
2405,557-19-7,氰化氢。
2406,557-20-0,一氧化碳
2407,557-20-0,二氧化碳
2408,557-20-0,氧化锌。
2409,557-21-1,无意义
2410,557-31-3,一氧化碳
2411,557-31-3,二氧化碳。
2412,557-40-4,一氧化碳
2413,557-40-4,二氧化碳。
2414,557-98-2,一氧化碳
2415,557-98-2,氯化氢
2416,558-13-4,无意义
2417,558-17-8,一氧化碳
2418,558-17-8,碘化氢
2419,558-25-8,二氧化塘
2420,558-25-8,一氧化碳
2421,558-25-8,二氧化硫
2422,558-25-8,氟化氢
2423,56-18-8,一氧化碳
2424,56-18-8,二氧化碳
2425,56-18-8,氮氧化物。
2426,56-23-5,无意义
2427,56-35-9,Toxic gases and vapors may be released in a fire involving organic tin compounds.
2428,56-38-2,一氧化碳
2429,56-38-2,氧化磷
2430,56-38-2,氧化硫
2431,56-38-2,氮氧化物
2432,56-72-4,一氧化碳
2433,56-72-4,二氧化碳
2434,56-72-4,氯化氢
2435,56-72-4,氧化硫
2436,56-72-4,氧化磷。
2437,56073-10-0,一氧化碳
2438,56073-10-0,二氧化碳
2439,56073-10-0,溴化氢。
2440,562-49-2,一氧化碳
2441,5628-99-9,一氧化碳
2442,5628-99-9,二氧化碳
2443,5628-99-9,氧化氮
2444,563-12-2,一氧化碳
2445,563-12-2,氧化磷
2446,563-12-2,氧化硫
2447,563-45-1,一氧化碳
2448,563-45-1,二氧化碳。
2449,563-46-2,一氧化碳
2450,563-47-3,一氧化碳
2451,563-47-3,二氧化碳
2452,563-47-3,氯化氢。
2453,563-52-0,一氧化碳
2454,563-52-0,二氧化碳
2455,563-52-0,氯化氢。
2456,563-54-2,一氧化碳
2457,563-54-2,氯化氢
2458,563-68-8,一氧化碳
2459,563-68-8,二氧化碳
2460,563-68-8,氧化铊。
2461,563-76-8,一氧化碳
2462,563-76-8,二氧化碳
2463,563-76-8,溴化氢。
2464,563-78-0,一氧化碳
2465,563-78-0,二氧化碳。
2466,563-79-1,一氧化碳
2467,563-79-1,二氧化碳。
2468,563-80-4,一氧化碳
2469,564-02-3,一氧化碳
2470,565-59-3,一氧化碳
2471,565-61-7,一氧化碳
2472,565-61-7,二氧化碳。
2473,565-67-3,一氧化碳
2474,565-67-3,二氧化碳。
2475,565-69-5,一氧化碳
2476,565-69-5,二氧化碳。
2477,565-75-3,一氧化碳
2478,565-80-0,一氧化碳
2479,565-80-0,二氧化碳。
2480,57-06-7,一氧化碳
2481,57-06-7,氮氧化物
2482,57-06-7,氰化氢
2483,57-06-7,氧化硫
2484,57-14-7,一氧化碳
2485,57-14-7,氮氧化物
2486,57-24-9,一氧化碳
2487,57-24-9,二氧化碳
2488,57-24-9,氧化氮。
2489,57-39-6,一氧化碳
2490,57-39-6,二氧化碳
2491,57-39-6,氮氧化物
2492,57-39-6,氧化磷。
2493,57-52-3,一氧化碳
2494,57-52-3,二氧化碳
2495,57-52-3,硫化物
2496,57-52-3,氧化锡。
2497,57-74-9,一氧化碳
2498,57-74-9,二氧化碳
2499,57-74-9,氯化氢。
2500,57-94-3,一氧化碳
2501,57-94-3,二氧化碳
2502,57-94-3,氮氧化物
2503,57-94-3,氯化氢。
2504,576-23-8,一氧化碳
2505,576-23-8,二氧化碳
2506,576-23-8,溴化氢。
2507,576-24-9,一氧化碳
2508,576-24-9,二氧化碳
2509,576-24-9,氯化氢
2510,576-26-1,一氧化碳
2511,576-26-1,二氧化碳。
2512,577-19-5,一氧化碳
2513,577-19-5,氮氧化物
2514,577-19-5,溴化氢
2515,578-54-1,一氧化碳
2516,578-54-1,氮氧化物
2517,58-89-9,氯化氢
2518,58-89-9,一氧化碳
2519,58-89-9,二氧化碳。
2520,58-90-2,一氧化碳
2521,58-90-2,二氧化碳
2522,58-90-2,氯化氢。
2523,580-17-6,一氧化碳
2524,580-17-6,二氧化碳
2525,580-17-6,氮氧化物。
2526,581-64-6,一氧化碳
2527,581-64-6,二氧化碳
2528,581-64-6,氮氧化物
2529,581-64-6,氯化物。
2530,581-89-5,一氧化碳
2531,581-89-5,氮氧化物
2532,58164-88-8,一氧化碳
2533,58164-88-8,二氧化碳
2534,58164-88-8,氧化锑
2535,58164-88-8,锑。
2536,583-53-9,一氧化碳
2537,583-53-9,二氧化碳
2538,583-53-9,溴化氢。
2539,583-58-4,一氧化碳
2540,583-58-4,二氧化碳
2541,583-58-4,氮氧化物。
2542,583-71-1,一氧化碳
2543,583-71-1,二氧化碳
2544,583-71-1,溴化氢。
2545,583-78-8,一氧化碳
2546,583-78-8,二氧化碳
2547,583-78-8,氯化氢。
2548,5836-29-3,一氧化碳
2549,5836-29-3,二氧化碳。
2550,584-48-5,一氧化碳
2551,584-48-5,二氧化碳
2552,584-48-5,溴化氢
2553,584-48-5,氮氧化物。
2554,584-94-1,一氧化碳
2555,585-79-5,一氧化碳
2556,585-79-5,二氧化碳
2557,585-79-5,溴化氢
2558,585-79-5,氧化氮。
2559,586-62-9,一氧化碳
2560,586-62-9,二氧化碳。
2561,586-75-4,一氧化碳
2562,586-75-4,二氧化碳
2563,586-75-4,氮氧化物
2564,586-75-4,溴化氢
2565,586-75-4,氯化氢
2566,586-75-4,光气。
2567,586-78-7,一氧化碳
2568,586-78-7,溴化氢
2569,586-78-7,氮氧化物
2570,587-85-9,一氧化碳
2571,587-85-9,氧化汞
2572,589-38-8,一氧化碳
2573,589-43-5,一氧化碳
2574,589-53-7,一氧化碳
2575,589-53-7,二氧化碳。
2576,589-90-2,一氧化碳
2577,589-90-2,二氧化碳。
2578,589-93-5,一氧化碳
2579,589-93-5,二氧化碳
2580,589-93-5,氧化氮。
2581,5894-60-0,一氧化碳
2582,5894-60-0,二氧化碳。
2583,59-50-7,一氧化碳
2584,59-50-7,二氧化碳
2585,59-50-7,氯化氢
2586,59-50-7,光气。
2587,59-85-8,一氧化碳
2588,59-85-8,二氧化碳
2589,59-85-8,氯化氢
2590,59-85-8,氧化汞
2591,59-85-8,汞。
2592,590-01-2,一氧化碳
2593,590-35-2,一氧化碳
2594,590-36-3,一氧化碳
2595,590-36-3,二氧化碳。
2596,590-66-9,一氧化碳
2597,590-73-8,一氧化碳
2598,590-86-3,一氧化碳
2599,590-92-1,一氧化碳
2600,590-92-1,二氧化碳
2601,590-92-1,溴化氢。
2602,591-17-3,一氧化碳
2603,591-17-3,二氧化碳
2604,591-17-3,溴化氢。
2605,591-19-5,一氧化碳
2606,591-19-5,二氧化碳
2607,591-19-5,氮氧化物
2608,591-19-5,溴化氢
2609,591-20-8,一氧化碳
2610,591-20-8,二氧化碳
2611,591-20-8,溴化氢。
2612,591-22-0,一氧化碳
2613,591-22-0,氮氧化物
2614,591-27-5,一氧化碳
2615,591-27-5,氮氧化物
2616,591-47-9,一氧化碳
2617,591-47-9,二氧化碳。
2618,591-76-4,一氧化碳
2619,591-78-6,一氧化碳
2620,591-78-6,二氧化碳。
2621,591-87-7,一氧化碳
2622,591-87-7,二氧化碳。
2623,591-89-9,氧化钾
2624,591-89-9,汞
2625,591-89-9,氰化物
2626,591-89-9,氰化氢。
2627,591-93-5,一氧化碳
2628,591-97-9,一氧化碳
2629,591-97-9,二氧化碳
2630,591-97-9,氯化氢。
2631,592-01-8,无意义
2632,592-04-1,无意义
2633,592-05-2,氮氧化物
2634,592-05-2,氰化氢
2635,592-05-2,铅。
2636,592-27-8,一氧化碳
2637,592-27-8,二氧化碳。
2638,592-34-7,一氧化碳
2639,592-34-7,氯化氢
2640,592-41-6,一氧化碳
2641,592-42-7,一氧化碳
2642,592-43-8,一氧化碳
2643,592-43-8,二氧化碳。
2644,592-45-0,一氧化碳
2645,592-46-1,一氧化碳
2646,592-46-1,二氧化碳。
2647,592-48-3,一氧化碳
2648,592-48-3,二氧化碳。
2649,592-55-2,一氧化碳
2650,592-55-2,二氧化碳
2651,592-55-2,溴化氢。
2652,592-57-4,一氧化碳
2653,592-76-7,一氧化碳
2654,592-77-8,一氧化碳
2655,592-78-9,一氧化碳
2656,592-84-7,一氧化碳
2657,592-85-8,氮氧化物
2658,592-85-8,汞
2659,592-85-8,氧化硫
2660,592-85-8,氰化物
2661,592-85-8,氧化汞。
2662,592-88-1,一氧化碳
2663,592-88-1,二氧化碳
2664,592-88-1,硫化物。
2665,593-53-3,一氧化碳
2666,593-53-3,氟化氢
2667,593-60-2,一氧化碳
2668,593-60-2,溴化氢
2669,593-90-8,一氧化碳
2670,593-90-8,二氧化碳
2671,593-90-8,氧化硼。
2672,594-36-5,一氧化碳
2673,594-36-5,二氧化碳
2674,594-36-5,氯化氢。
2675,594-42-3,氯化氢
2676,594-42-3,硫化物。
2677,594-68-3,一氧化碳
2678,594-68-3,二氧化碳
2679,594-68-3,碘化氢。
2680,594-72-9,一氧化碳
2681,594-72-9,氧化氮
2682,594-72-9,氯化氢。
2683,595-90-4,一氧化碳
2684,595-90-4,二氧化碳
2685,595-90-4,氧化锡
2686,595-90-4,锡。
2687,597-64-8,一氧化碳
2688,597-64-8,二氧化碳
2689,597-64-8,氧化锡
2690,597-64-8,锡
2691,598-14-1,氯化物
2692,598-14-1,氰化氢
2693,598-14-1,二氧化碳
2694,598-14-1,氧化砷。
2695,598-16-3,无意义
2696,598-22-1,一氧化碳
2697,598-22-1,二氧化碳
2698,598-22-1,溴化氢。
2699,598-31-2,一氧化碳
2700,598-31-2,溴化氢
2701,598-72-1,一氧化碳
2702,598-72-1,溴化氢
2703,598-73-2,一氧化碳
2704,598-73-2,二氧化碳
2705,598-73-2,溴化氢
2706,598-73-2,氟化氢。
2707,598-75-4,一氧化碳
2708,598-75-4,二氧化碳。
2709,598-78-7,一氧化碳
2710,598-78-7,氯化氢
2711,598-98-1,一氧化碳
2712,598-98-1,二氧化碳。
2713,598-99-2,一氧化碳
2714,598-99-2,二氧化碳
2715,598-99-2,氯化氢。
2716,60-24-2,一氧化碳
2717,60-24-2,二氧化碳
2718,60-24-2,氧化硫。
2719,60-29-7,一氧化碳
2720,60-34-4,一氧化碳
2721,60-34-4,氮氧化物
2722,60-57-1,一氧化碳
2723,60-57-1,氯化氢
2724,600-00-0,一氧化碳
2725,600-00-0,二氧化碳
2726,600-00-0,溴化氢。
2727,600-25-9,一氧化碳
2728,600-25-9,二氧化碳
2729,600-25-9,氮氧化物
2730,600-25-9,氯化氢。
2731,602-87-9,一氧化碳
2732,602-87-9,二氧化碳
2733,602-87-9,氧化氮。
2734,602-99-3,一氧化碳
2735,602-99-3,二氧化碳
2736,602-99-3,氮氧化物。
2737,603-35-0,一氧化碳
2738,603-35-0,氧化磷
2739,6032-29-7,一氧化碳
2740,605-69-6,一氧化碳
2741,605-69-6,氮氧化物
2742,606-20-2,一氧化碳
2743,606-20-2,二氧化碳
2744,606-20-2,氧化氮。
2745,606-22-4,一氧化碳
2746,606-22-4,氮氧化物
2747,608-27-5,一氧化碳
2748,608-27-5,氮氧化物
2749,608-27-5,氯化氢
2750,608-31-1,一氧化碳
2751,608-31-1,氮氧化物
2752,608-31-1,氯化氢
2753,608-73-1,Toxic gases are generated when solid is heated or when soln burns.
2754,609-26-7,一氧化碳
2755,609-26-7,二氧化碳。
2756,609-73-4,一氧化碳
2757,609-73-4,氮氧化物
2758,609-73-4,碘化氢
2759,610-14-0,一氧化碳
2760,610-14-0,二氧化碳
2761,610-14-0,氮氧化物
2762,610-14-0,氯化氢。
2763,610-67-3,一氧化碳
2764,610-67-3,氮氧化物
2765,611-32-5,一氧化碳
2766,611-32-5,二氧化碳
2767,611-32-5,氮氧化物。
2768,6117-91-5,一氧化碳
2769,6117-91-5,二氧化碳。
2770,612-22-6,一氧化碳
2771,612-22-6,氮氧化物
2772,612-23-7,一氧化碳
2773,612-23-7,二氧化碳
2774,612-23-7,氯化氢
2775,612-23-7,氧化氮。
2776,612-60-2,一氧化碳
2777,612-60-2,二氧化碳
2778,612-60-2,氮氧化物。
2779,612-83-9,一氧化碳
2780,612-83-9,二氧化碳
2781,612-83-9,氮氧化物
2782,612-83-9,氯化氢。
2783,6125-21-9,一氧化碳
2784,6125-21-9,氮氧化物
2785,613-48-9,一氧化碳
2786,613-48-9,二氧化碳
2787,613-48-9,氮氧化物。
2788,614-45-9,一氧化碳
2789,614-45-9,二氧化碳。
2790,615-36-1,一氧化碳
2791,615-36-1,二氧化碳
2792,615-36-1,氮氧化物
2793,615-36-1,溴化氢。
2794,615-50-9,一氧化碳
2795,615-50-9,二氧化碳
2796,615-50-9,氮氧化物
2797,615-50-9,氧化硫。
2798,615-57-6,一氧化碳
2799,615-57-6,二氧化碳
2800,615-57-6,氮氧化物
2801,615-57-6,溴化氢。
2802,615-74-7,一氧化碳
2803,615-74-7,二氧化碳
2804,615-74-7,氯化氢
2805,615-74-7,光气。
2806,616-38-6,一氧化碳
2807,616-44-4,一氧化碳
2808,616-44-4,二氧化碳
2809,616-44-4,硫化氢
2810,616-44-4,氧化硫。
2811,616-45-5,一氧化碳
2812,616-45-5,二氧化碳
2813,616-45-5,氧化氮。
2814,6164-98-3,一氧化碳
2815,6164-98-3,氯化氢
2816,6164-98-3,氮氧化物
2817,617-83-4,一氧化碳
2818,617-83-4,二氧化碳
2819,617-83-4,氮氧化物。
2820,617-85-6,一氧化碳
2821,617-85-6,氧化锑
2822,617-89-0,一氧化碳
2823,617-89-0,二氧化碳
2824,617-89-0,氮氧化物。
2825,61789-51-3,一氧化碳
2826,61789-51-3,二氧化碳
2827,61789-51-3,氧化钴。
2828,618-45-1,一氧化碳
2829,618-45-1,二氧化碳。
2830,618-87-1,一氧化碳
2831,618-87-1,氮氧化物
2832,619-23-8,一氧化碳
2833,619-23-8,二氧化碳
2834,619-23-8,氯化氢
2835,619-23-8,氧化氮。
2836,619-31-8,一氧化碳
2837,619-31-8,二氧化碳
2838,619-31-8,氮氧化物。
2839,619-65-8,一氧化碳
2840,619-65-8,二氧化碳
2841,619-65-8,氧化氮
2842,619-65-8,氰化氢。
2843,619-80-7,一氧化碳
2844,619-80-7,氮氧化物
2845,62-38-4,一氧化碳
2846,62-38-4,二氧化碳
2847,62-38-4,氧化汞。
2848,62-53-3,一氧化碳
2849,62-53-3,氮氧化物
2850,62-56-6,氮氧化物
2851,62-56-6,氧化硫
2852,62-73-7,一氧化碳
2853,62-73-7,氯化氢
2854,62-73-7,氧化磷
2855,62-74-8,一氧化碳
2856,62-74-8,二氧化碳
2857,62-74-8,氟化氢
2858,62-74-8,氧化钠。
2859,62-75-9,一氧化碳
2860,62-75-9,二氧化碳
2861,62-75-9,氧化氮。
2862,620-22-4,"Fire will produce irritating, corrosive and/or toxic gases."
2863,621-33-0,"Fire may produce irritating, corrosive and/or toxic gases."
2864,622-44-6,一氧化碳
2865,622-44-6,二氧化碳
2866,622-44-6,氧化氮
2867,622-44-6,氯化氢。
2868,622-45-7,一氧化碳
2869,622-45-7,二氧化碳。
2870,622-97-9,一氧化碳
2871,623-37-0,一氧化碳
2872,623-37-0,二氧化碳。
2873,623-42-7,一氧化碳
2874,623-43-8,一氧化碳
2875,623-43-8,二氧化碳。
2876,623-48-3,一氧化碳
2877,623-48-3,二氧化碳
2878,623-48-3,碘化氢。
2879,623-70-1,一氧化碳
2880,623-70-1,二氧化碳。
2881,623-71-2,一氧化碳
2882,623-71-2,二氧化碳
2883,623-71-2,氯化氢。
2884,623-73-4,一氧化碳
2885,623-73-4,二氧化碳
2886,623-73-4,氧化氮。
2887,623-96-1,一氧化碳
2888,624-24-8,一氧化碳
2889,624-24-8,二氧化碳。
2890,624-54-4,一氧化碳
2891,624-83-9,一氧化碳
2892,624-83-9,氮氧化物
2893,624-83-9,氰化氢
2894,624-91-9,一氧化碳
2895,624-91-9,氮氧化物
2896,624-92-0,一氧化碳
2897,624-92-0,二氧化碳
2898,624-92-0,硫化氢。
2899,625-27-4,一氧化碳
2900,625-27-4,二氧化碳。
2901,625-28-5,一氧化碳
2902,625-28-5,氮氧化物
2903,625-55-8,一氧化碳
2904,625-55-8,二氧化碳。
2905,625-59-2,一氧化碳
2906,625-59-2,氮氧化物
2907,625-59-2,氧化硫
2908,625-86-5,一氧化碳
2909,625-86-5,二氧化碳。
2910,625-98-9,一氧化碳
2911,625-98-9,二氧化碳
2912,625-98-9,氯化氢
2913,625-98-9,氟化氢。
2914,626-56-2,一氧化碳
2915,626-56-2,二氧化碳
2916,626-56-2,氮氧化物。
2917,626-58-4,一氧化碳
2918,626-58-4,二氧化碳
2919,626-58-4,氮氧化物。
2920,626-67-5,一氧化碳
2921,626-67-5,二氧化碳
2922,626-67-5,氮氧化物。
2923,626-93-7,一氧化碳
2924,627-05-4,一氧化碳
2925,627-05-4,氮氧化物
2926,627-13-4,一氧化碳
2927,627-13-4,氮氧化物
2928,627-19-0,一氧化碳
2929,627-30-5,一氧化碳
2930,627-30-5,二氧化碳
2931,627-30-5,氯化氢。
2932,627-44-1,一氧化碳
2933,627-44-1,二氧化碳
2934,627-44-1,氧化汞。
2935,627-63-4,一氧化碳
2936,627-63-4,二氧化碳
2937,627-63-4,氯化氢
2938,627-63-4,光气。
2939,628-17-1,一氧化碳
2940,628-17-1,碘化氢
2941,628-28-4,一氧化碳
2942,628-32-0,一氧化碳
2943,628-41-1,一氧化碳
2944,628-63-7,一氧化碳
2945,628-71-7,一氧化碳
2946,628-73-9,一氧化碳
2947,628-73-9,氮氧化物
2948,628-76-2,一氧化碳
2949,628-76-2,氯化氢
2950,628-92-2,一氧化碳
2951,628-92-2,二氧化碳。
2952,629-05-0,一氧化碳
2953,629-14-1,一氧化碳
2954,629-14-1,二氧化碳。
2955,629-20-9,一氧化碳
2956,629-33-4,一氧化碳
2957,629-40-3,一氧化碳
2958,629-40-3,二氧化碳
2959,629-40-3,氮氧化物。
2960,6290-49-9,"Fire may produce irritating, corrosive and/or toxic gases."
2961,630-08-0,二氧化碳
2962,6303-21-5,无意义
2963,631-60-7,一氧化碳
2964,631-60-7,二氧化碳
2965,631-60-7,氧化汞。
2966,632-21-3,一氧化碳
2967,632-21-3,二氧化碳
2968,632-21-3,氯化氢。
2969,634-66-2,一氧化碳
2970,634-66-2,氯化氢
2971,634-90-2,一氧化碳
2972,634-90-2,氯化氢
2973,634-93-5,一氧化碳
2974,634-93-5,氮氧化物
2975,634-93-5,氯化氢
2976,636-30-6,一氧化碳
2977,636-30-6,氮氧化物
2978,636-30-6,氯化氢
2979,636-98-6,一氧化碳
2980,636-98-6,二氧化碳
2981,636-98-6,氮氧化物
2982,636-98-6,碘化氢。
2983,638-11-9,一氧化碳
2984,638-49-3,一氧化碳
2985,63938-10-3,氯化氢
2986,63938-10-3,氟化氢。
2987,64-00-6,一氧化碳
2988,64-00-6,二氧化碳
2989,64-00-6,氧化氮
2990,64-17-5,一氧化碳
2991,64-18-6,一氧化碳
2992,64-19-7,一氧化碳
2993,64-67-5,一氧化碳
2994,64-67-5,氧化硫
2995,64-69-7,碘化氢
2996,64-69-7,一氧化碳
2997,640-15-3,一氧化碳
2998,640-15-3,二氧化碳
2999,640-15-3,氧化硫
3000,640-15-3,氧化磷。
3001,640-19-7,一氧化碳
3002,640-19-7,二氧化碳
3003,640-19-7,氧化氮
3004,640-19-7,氟化氢。
3005,64013-16-7,无意义
3006,644-31-5,一氧化碳
3007,644-31-5,二氧化碳。
3008,644-49-5,一氧化碳
3009,644-97-3,一氧化碳
3010,644-97-3,二氧化碳
3011,644-97-3,氯化氢
3012,644-97-3,氧化磷
3013,644-97-3,磷化氢。
3014,645-00-1,一氧化碳
3015,645-00-1,二氧化碳
3016,645-00-1,氮氧化物
3017,645-00-1,碘化氢。
3018,646-06-0,一氧化碳
3019,646-20-8,一氧化碳
3020,646-20-8,二氧化碳
3021,646-20-8,氮氧化物。
3022,6484-52-2,无意义
3023,65-30-5,一氧化碳
3024,65-30-5,二氧化碳
3025,65-30-5,氮氧化物
3026,65-30-5,氧化硫。
3027,6533-73-9,一氧化碳
3028,6533-73-9,二氧化碳。
3029,65996-93-2,一氧化碳
3030,65996-93-2,二氧化碳。
3031,67-56-1,一氧化碳
3032,67-63-0,一氧化碳
3033,67-64-1,一氧化碳
3034,67-66-3,无意义
3035,67-72-1,氯化氢
3036,67-72-1,光气
3037,670-54-2,一氧化碳
3038,670-54-2,二氧化碳
3039,670-54-2,氮氧化物
3040,670-54-2,氰化物。
3041,6731-36-8,Emits toxic fumes upon combustion.
3042,674-82-8,一氧化碳
3043,68-11-1,一氧化碳
3044,68-11-1,硫化物
3045,68-12-2,一氧化碳
3046,68-12-2,氮氧化物
3047,681-84-5,一氧化碳
3048,681-84-5,氧化硅
3049,683-18-1,Toxic gases and vapors may be released in a fire involving organic tin compounds.
3050,684-16-2,氟化氢。
3051,68476-85-7,一氧化碳
3052,688-73-3,Toxic gases and vapors may be released in a fire involving organic tin compounds.
3053,68848-64-6,氧化锂
3054,68848-64-6,氧化硅。
3055,691-37-2,一氧化碳
3056,691-37-2,二氧化碳。
3057,693-02-7,一氧化碳
3058,693-21-0,一氧化碳
3059,693-21-0,二氧化碳
3060,693-21-0,氮氧化物。
3061,693-89-0,一氧化碳
3062,693-89-0,二氧化碳。
3063,694-05-3,一氧化碳
3064,694-05-3,氮氧化物
3065,694-83-7,一氧化碳
3066,694-83-7,二氧化碳
3067,694-83-7,氮氧化物。
3068,696-28-6,一氧化碳
3069,696-28-6,二氧化碳
3070,696-28-6,砷
3071,696-28-6,氧化砷。
3072,70-11-1,一氧化碳
3073,70-11-1,二氧化碳
3074,70-11-1,溴化氢
3075,70-11-1,溴气。
3076,70-30-4,一氧化碳
3077,70-30-4,二氧化碳
3078,70-30-4,氯化氢。
3079,70-34-8,一氧化碳
3080,70-34-8,氮氧化物
3081,70-34-8,氟化氢
3082,7087-68-5,一氧化碳
3083,7087-68-5,二氧化碳
3084,7087-68-5,氮氧化物。
3085,71-23-8,一氧化碳
3086,71-36-3,一氧化碳
3087,71-41-0,一氧化碳
3088,71-43-2,一氧化碳
3089,71-43-2,二氧化碳
3090,71-55-6,一氧化碳
3091,71-55-6,氯化氢
3092,71-55-6,光气
3093,712-48-1,一氧化碳
3094,712-48-1,二氧化碳
3095,712-48-1,氯化氢
3096,712-48-1,氧化砷。
3097,7154-66-7,一氧化碳
3098,7154-66-7,二氧化碳
3099,7154-66-7,氯化氢
3100,7154-66-7,溴化氢
3101,7154-66-7,光气。
3102,72-20-8,一氧化碳
3103,72-20-8,二氧化碳
3104,72-20-8,氯化氢。
3105,722-27-0,一氧化碳
3106,722-27-0,二氧化碳
3107,722-27-0,氮氧化物
3108,722-27-0,氧化硫。
3109,732-11-6,一氧化碳
3110,732-11-6,二氧化碳
3111,732-11-6,氮氧化物
3112,732-11-6,氧化磷
3113,732-11-6,氧化硫。
3114,74-82-8,一氧化碳
3115,74-83-9,一氧化碳
3116,74-83-9,溴化氢
3117,74-84-0,一氧化碳
3118,74-85-1,一氧化碳
3119,74-86-2,一氧化碳
3120,74-87-3,一氧化碳
3121,74-87-3,氯化氢
3122,74-87-3,光气
3123,74-88-4,一氧化碳
3124,74-88-4,碘化氢
3125,74-89-5,一氧化碳
3126,74-89-5,氮氧化物
3127,74-90-8,氮氧化物
3128,74-93-1,一氧化碳
3129,74-93-1,二氧化硫
3130,74-95-3,一氧化碳
3131,74-95-3,溴化氢
3132,74-96-4,一氧化碳
3133,74-96-4,溴化氢
3134,74-97-5,氯化氢
3135,74-97-5,溴化氢
3136,74-98-6,一氧化碳
3137,7429-90-5,氧化铝
3138,7439-93-2,氧化锂
3139,7439-95-4,氧化镁
3140,7440-01-9,无意义
3141,7440-09-7,氧化钾
3142,7440-17-7,氧化铷
3143,7440-21-3,氧化硅
3144,7440-23-5,氧化钠
3145,7440-24-6,氧化锶
3146,7440-28-0,氧化铊
3147,7440-32-6,氧化钛
3148,7440-36-0,氧化锑
3149,7440-37-1,无意义
3150,7440-38-2,氧化砷
3151,7440-39-3,氧化钡
3152,7440-41-7,氧化铍
3153,7440-43-9,氧化镉。
3154,7440-46-2,氧化铯
3155,7440-59-7,无意义
3156,7440-63-3,无意义
3157,7440-66-6,氧化锌
3158,7440-67-7,氧化锆
3159,7440-70-2,氧化钙
3160,7446-08-4,氧化硒
3161,7446-09-5,无意义
3162,7446-11-9,氧化硫。
3163,7446-14-2,氧化铅
3164,7446-14-2,氧化硫。
3165,7446-18-6,氧化硫
3166,7446-18-6,铊。
3167,7446-70-0,无意义
3168,7487-94-7,无意义
3169,7488-56-4,氧化硫
3170,7488-56-4,硒
3171,7488-56-4,氧化硒。
3172,75-00-3,一氧化碳
3173,75-00-3,氯化氢
3174,75-00-3,光气
3175,75-01-4,一氧化碳
3176,75-01-4,氯化氢
3177,75-02-5,一氧化碳
3178,75-02-5,氟化氢
3179,75-03-6,一氧化碳
3180,75-03-6,碘化氢
3181,75-04-7,一氧化碳
3182,75-04-7,氮氧化物
3183,75-05-8,一氧化碳
3184,75-05-8,氮氧化物
3185,75-05-8,氰化氢
3186,75-07-0,一氧化碳
3187,75-08-1,一氧化碳
3188,75-08-1,二氧化碳
3189,75-08-1,氧化硫。
3190,75-09-2,一氧化碳
3191,75-09-2,氯化氢
3192,75-09-2,光气
3193,75-11-6,一氧化碳
3194,75-11-6,碘化氢
3195,75-15-0,一氧化碳
3196,75-15-0,氧化硫
3197,75-16-1,一氧化碳
3198,75-16-1,二氧化碳
3199,75-16-1,溴化氢。
3200,75-18-3,一氧化碳
3201,75-18-3,二氧化硫
3202,75-19-4,一氧化碳
3203,75-20-7,无意义
3204,75-21-8,一氧化碳
3205,75-23-0,一氧化碳
3206,75-23-0,二氧化碳
3207,75-23-0,氮氧化物
3208,75-23-0,氟化氢
3209,75-23-0,氧化硼。
3210,75-25-2,无意义
3211,75-26-3,一氧化碳
3212,75-26-3,溴化氢
3213,75-28-5,一氧化碳
3214,75-29-6,一氧化碳
3215,75-29-6,氯化氢
3216,75-30-9,一氧化碳
3217,75-30-9,二氧化碳
3218,75-30-9,碘化氢。
3219,75-31-0,一氧化碳
3220,75-31-0,氮氧化物
3221,75-33-2,一氧化碳
3222,75-33-2,二氧化碳
3223,75-33-2,硫化氢
3224,75-33-2,氧化硫。
3225,75-34-3,一氧化碳
3226,75-34-3,氯化氢
3227,75-34-3,光气
3228,75-35-4,一氧化碳
3229,75-35-4,氯化氢
3230,75-35-4,光气
3231,75-36-5,一氧化碳
3232,75-36-5,氯化氢
3233,75-36-5,光气
3234,75-37-6,一氧化碳
3235,75-37-6,氟化氢
3236,75-38-7,一氧化碳
3237,75-38-7,氟化氢
3238,75-43-4,无意义
3239,75-44-5,无意义
3240,75-45-6,无意义
3241,75-46-7,无意义
3242,75-47-8,无意义
3243,75-50-3,一氧化碳
3244,75-50-3,氮氧化物
3245,75-52-5,一氧化碳
3246,75-52-5,氮氧化物
3247,75-54-7,一氧化碳
3248,75-54-7,氯化氢
3249,75-54-7,氧化硅
3250,75-55-8,一氧化碳
3251,75-55-8,二氧化碳
3252,75-55-8,氮氧化物。
3253,75-56-9,一氧化碳
3254,75-60-5,一氧化碳
3255,75-60-5,二氧化碳
3256,75-60-5,氧化砷。
3257,75-61-6,溴化氢
3258,75-61-6,氟化氢。
3259,75-63-8,一氧化碳
3260,75-63-8,二氧化碳
3261,75-63-8,氟化氢
3262,75-63-8,溴化氢。
3263,75-64-9,一氧化碳
3264,75-64-9,氮氧化物
3265,75-65-0,一氧化碳
3266,75-66-1,一氧化碳
3267,75-66-1,硫化氢
3268,75-66-1,氧化硫
3269,75-68-3,一氧化碳
3270,75-68-3,氟化氢
3271,75-68-3,氯化氢
3272,75-69-4,无意义
3273,75-71-8,一氧化碳
3274,75-71-8,氟化氢
3275,75-71-8,氯化氢
3276,75-72-9,无意义
3277,75-73-0,无意义
3278,75-74-1,一氧化碳
3279,75-74-1,二氧化碳
3280,75-74-1,氧化铅。
3281,75-75-2,氧化硫。
3282,75-76-3,一氧化碳
3283,75-76-3,氧化硅
3284,75-77-4,一氧化碳
3285,75-77-4,氧化硅
3286,75-77-4,氯化氢
3287,75-78-5,一氧化碳
3288,75-78-5,氧化硅
3289,75-78-5,氯化氢
3290,75-79-6,一氧化碳
3291,75-79-6,氧化硅
3292,75-79-6,氯化氢
3293,75-79-6,光气
3294,75-83-2,一氧化碳
3295,75-85-4,一氧化碳
3296,75-85-4,二氧化碳。
3297,75-86-5,一氧化碳
3298,75-86-5,二氧化碳
3299,75-86-5,氧化氮
3300,75-86-5,氰化氢。
3301,75-87-6,一氧化碳
3302,75-87-6,氯化氢
3303,75-88-7,无意义
3304,75-89-8,一氧化碳
3305,75-89-8,氟化氢
3306,75-91-2,一氧化碳
3307,75-94-5,一氧化碳
3308,75-94-5,氯化氢
3309,75-94-5,氧化硅
3310,75-96-7,一氧化碳
3311,75-96-7,溴化氢
3312,75-97-8,一氧化碳
3313,7521-80-4,一氧化碳
3314,7521-80-4,二氧化碳
3315,7521-80-4,氯化氢
3316,7521-80-4,氧化硅。
3317,7550-45-0,无意义
3318,757-58-4,一氧化碳
3319,757-58-4,二氧化碳
3320,757-58-4,氧化磷。
3321,7578-36-1,一氧化碳
3322,7578-36-1,二氧化碳
3323,7578-36-1,氟化物
3324,7578-36-1,氧化硼。
3325,12136-45-7,氧化锂
3326,76-01-7,一氧化碳
3327,76-01-7,氯化氢
3328,76-02-8,一氧化碳
3329,76-02-8,二氧化碳
3330,76-02-8,氯化氢
3331,76-02-8,光气。
3332,76-03-9,一氧化碳
3333,76-03-9,氯化氢
3334,76-05-1,一氧化碳
3335,76-05-1,氟化氢
3336,76-06-2,氯化氢
3337,76-06-2,氮氧化物
3338,76-06-2,一氧化碳
3339,76-13-1,一氧化碳
3340,76-13-1,二氧化碳
3341,76-13-1,氯化氢
3342,76-13-1,氟化氢。
3343,76-14-2,一氧化碳
3344,76-14-2,氯化氢
3345,76-14-2,氟化氢
3346,76-15-3,无意义
3347,76-16-4,氟化氢。
3348,76-19-7,氟化氢。
3349,76-44-8,一氧化碳
3350,76-44-8,二氧化碳
3351,76-44-8,氯化氢。
3352,76-86-8,一氧化碳
3353,76-86-8,二氧化碳
3354,76-86-8,氧化硅
3355,76-86-8,氯化氢。
3356,76-87-9,一氧化碳
3357,76-87-9,二氧化碳
3358,76-87-9,氧化锡。
3359,760-20-3,一氧化碳
3360,760-20-3,二氧化碳。
3361,760-21-4,一氧化碳
3362,760-21-4,二氧化碳。
3363,7601-89-0,无意义
3364,7601-90-3,无意义
3365,7616-94-6,氯化氢
3366,7616-94-6,氟化氢。
3367,763-29-1,一氧化碳
3368,763-29-1,二氧化碳。
3369,7631-90-5,氧化硫
3370,7631-90-5,氧化钠。
3371,7631-99-4,无意义
3372,7632-00-0,无意义
3373,7637-07-2,无意义
3374,764-13-6,一氧化碳
3375,764-13-6,二氧化碳。
3376,764-35-2,一氧化碳
3377,764-35-2,二氧化碳。
3378,764-41-0,一氧化碳
3379,764-41-0,二氧化碳
3380,764-41-0,氯化氢。
3381,7645-25-2,无意义
3382,7646-69-7,氧化钠
3383,7646-78-8,无意义
3384,7646-79-9,氯化氢。
3385,7646-85-7,氯化氢。
3386,7646-93-7,氧化硫
3387,7646-93-7,氧化钾。
3388,7647-01-0,无意义
3389,7647-18-9,无意义
3390,7647-19-0,无意义
3391,765-34-4,一氧化碳
3392,765-34-4,二氧化碳。
3393,766-09-6,一氧化碳
3394,766-09-6,氮氧化物
3395,766-15-4,一氧化碳
3396,766-15-4,二氧化碳。
3397,7664-38-2,无意义
3398,7664-39-3,无意义
3399,7664-41-7,氮氧化物
3400,7664-93-9,无意义
3401,768-56-9,"Fire may produce irritating, corrosive and/or toxic gases."
3402,7681-38-1,氧化硫
3403,7681-38-1,氧化钠。
3404,7681-49-4,无意义
3405,7681-52-9,无意义
3406,7681-55-2,无意义
3407,7693-26-7,氧化钾
3408,7697-37-2,无意义
3409,77-47-4,氯化氢
3410,77-47-4,一氧化碳
3411,77-47-4,二氧化碳。
3412,77-58-7,一氧化碳
3413,77-58-7,二氧化碳
3414,77-58-7,氧化锡。
3415,77-73-6,一氧化碳
3416,77-73-6,二氧化碳。
3417,77-74-7,一氧化碳
3418,77-74-7,二氧化碳。
3419,77-75-8,一氧化碳
3420,77-75-8,二氧化碳。
3421,77-76-9,一氧化碳
3422,77-77-0,一氧化碳
3423,77-77-0,二氧化碳
3424,77-77-0,硫氧化物
3425,77-78-1,一氧化碳
3426,77-78-1,硫的氧化物
3427,77-98-5,一氧化碳
3428,77-98-5,二氧化碳
3429,77-98-5,氮氧化物
3430,77-98-5,氨。
3431,7700-17-6,一氧化碳
3432,7700-17-6,二氧化碳
3433,7700-17-6,氧化磷。
3434,7704-34-9,氧化硫
3435,7704-98-5,氧化钛
3436,7704-98-5,氢气
3437,7704-98-5,钛
3438,7704-98-5,水。
3439,7704-99-6,水
3440,7704-99-6,氢气
3441,7704-99-6,氧化锆。
3442,7705-07-9,氯化氢
3443,7705-07-9,氧化钛
3444,7705-08-0,无意义
3445,7718-54-9,氯化氢。
3446,7718-98-1,氯化氢
3447,7718-98-1,氧化钒。
3448,7719-09-7,无意义
3449,7719-12-2,无意义
3450,7721-01-9,氯化氢。
3451,7722-64-7,无意义
3452,7722-84-1,无意义
3453,7723-14-0,氧化磷
3454,7726-95-6,无意义
3455,7727-15-3,无意义
3456,7727-18-6,氯化氢
3457,7727-18-6,氧化钒。
3458,7727-21-1,无意义
3459,7727-37-9,无意义
3460,7727-54-0,无意义
3461,7757-79-1,无意义
3462,7758-01-2,无意义
3463,7758-05-6,无意义
3464,7758-09-0,无意义
3465,7758-97-6,氧化铅
3466,7758-97-6,氧化铬。
3467,776-74-9,一氧化碳
3468,776-74-9,二氧化碳
3469,776-74-9,溴化氢。
3470,7761-88-8,无意义
3471,7774-29-0,无意义
3472,7775-09-9,无意义
3473,7775-11-3,氧化钠
3474,7775-11-3,氧化铬。
3475,7775-14-6,硫化物
3476,7775-27-1,无意义
3477,7778-39-4,无意义
3478,7778-43-0,无意义
3479,7778-44-1,无意义
3480,7778-50-9,无意义
3481,7778-54-3,无意义
3482,7778-74-7,无意义
3483,7779-88-6,无意义
3484,7782-41-4,无意义
3485,7782-44-7,无意义
3486,7782-50-5,无意义
3487,7782-68-5,无意义
3488,7782-82-3,氧化硒
3489,7782-82-3,氧化钠
3490,7782-82-3,硒
3491,7782-86-7,无意义
3492,7782-99-2,无意义
3493,7783-00-8,氧化硒
3494,7783-00-8,硒
3495,7783-06-4,氧化硫
3496,7783-08-6,无意义
3497,7783-33-7,氧化钾
3498,7783-33-7,汞
3499,7783-33-7,碘化氢。
3500,7783-35-9,氧化硫
3501,7783-35-9,汞。
3502,7783-41-7,无意义
3503,7783-46-2,无意义
3504,7783-49-5,无意义
3505,7783-54-2,无意义
3506,7783-55-3,氟化氢
3507,7783-55-3,氧化磷。
3508,7783-56-4,无意义
3509,7783-60-0,氟化氢
3510,7783-60-0,氧化硫。
3511,7783-61-1,无意义
3512,7783-64-4,氟化氢
3513,7783-64-4,氧化锆。
3514,7783-66-6,氟化氢
3515,7783-66-6,碘化氢。
3516,7783-70-2,氟化氢
3517,7783-70-2,氧化锑。
3518,7783-79-1,氟化氢。
3519,7783-80-4,氟化氢。
3520,7783-82-6,氟化氢。
3521,7783-89-3,无意义
3522,7783-92-8,氧化银
3523,7783-92-8,氯化氢。
3524,7783-93-9,无意义
3525,7783-97-3,无意义
3526,7784-27-2,无意义
3527,7784-33-0,溴化氢
3528,7784-33-0,砷。
3529,7784-34-1,无意义
3530,7784-35-2,无意义
3531,7784-42-1,氧化砷
3532,7784-44-3,氮氧化物
3533,7784-44-3,氧化砷
3534,7784-44-3,砷。
3535,7784-45-4,无意义
3536,7784-46-5,无意义
3537,7786-34-7,一氧化碳
3538,7786-34-7,二氧化碳
3539,7786-34-7,氧化磷。
3540,7786-81-4,氧化硫。
3541,7787-32-8,氧化钡
3542,7787-32-8,氟化氢。
3543,7787-36-2,氧化钡
3544,7787-36-2,氧化锰。
3545,7787-47-5,氯化氢
3546,7787-47-5,氧化铍。
3547,7787-62-4,氟化氢。
3548,7787-71-5,氟化物
3549,7787-71-5,溴化物
3550,7787-71-5,溴化氢
3551,7787-71-5,氟化氢。
3552,7788-97-8,无意义
3553,7789-00-6,氧化钾
3554,7789-00-6,氧化铬。
3555,7789-09-5,无意义
3556,7789-18-6,无意义
3557,7789-19-7,氟化氢。
3558,7789-21-1,无意义
3559,7789-23-3,无意义
3560,7789-24-4,氟化氢
3561,7789-24-4,氧化锂。
3562,7789-29-9,氟化氢
3563,7789-29-9,氧化钾。
3564,7789-30-2,溴化氢
3565,7789-30-2,氟化氢。
3566,7789-33-5,溴化氢
3567,7789-33-5,碘化氢。
3568,7789-36-8,无意义
3569,7789-38-0,无意义
3570,7789-40-4,无意义
3571,7789-47-1,氧化汞
3572,7789-47-1,溴化氢
3573,7789-47-1,汞。
3574,7789-58-4,溴化氢
3575,7789-58-4,碘化氢。
3576,7789-59-5,溴化氢
3577,7789-59-5,氧化磷。
3578,7789-60-8,无意义
3579,7789-61-9,无意义
3580,7789-67-5,无意义
3581,7789-69-7,无意义
3582,7789-78-8,氧化钙
3583,7789-80-2,无意义
3584,7790-21-8,无意义
3585,7790-28-5,无意义
3586,7790-30-9,无意义
3587,7790-37-6,无意义
3588,7790-47-8,无意义
3589,7790-59-2,硒
3590,7790-59-2,氧化钾
3591,7790-59-2,氧化硒
3592,7790-59-2,氧化钠。
3593,7790-69-4,无意义
3594,7790-79-6,氟化氢
3595,7790-79-6,镉。
3596,7790-81-0,无意义
3597,7790-91-2,氟化氢
3598,7790-91-2,氯化氢。
3599,7790-94-5,无意义
3600,7790-98-9,无意义
3601,7790-99-0,氯化氢
3602,7790-99-0,碘化氢。
3603,7791-03-9,无意义
3604,7791-10-8,氯化氢。
3605,7791-12-0,氯化氢
3606,7791-12-0,铊
3607,7791-12-0,氧化铊。
3608,7791-23-3,无意义
3609,7791-25-5,无意义
3610,7791-27-7,氯化氢
3611,7791-27-7,氧化硫。
3612,78-00-2,一氧化碳
3613,78-00-2,氧化铅
3614,78-07-9,一氧化碳
3615,78-07-9,二氧化碳
3616,78-07-9,氧化硅。
3617,78-10-4,一氧化碳
3618,78-10-4,氧化硅
3619,78-11-5,一氧化碳
3620,78-11-5,二氧化碳
3621,78-11-5,氮氧化物。
3622,78-18-2,一氧化碳
3623,78-34-2,一氧化碳
3624,78-34-2,二氧化碳
3625,78-34-2,氧化硫
3626,78-34-2,氧化磷。
3627,78-53-5,一氧化碳
3628,78-53-5,二氧化碳
3629,78-53-5,氮氧化物
3630,78-53-5,氧化硫
3631,78-53-5,氧化磷。
3632,78-62-6,一氧化碳
3633,78-62-6,氧化硅
3634,78-63-7,一氧化碳
3635,78-63-7,二氧化碳。
3636,78-67-1,一氧化碳
3637,78-67-1,氰化物
3638,78-67-1,氮氧化物
3639,78-75-1,一氧化碳
3640,78-75-1,溴化氢
3641,78-77-3,一氧化碳
3642,78-77-3,二氧化碳
3643,78-77-3,溴化氢。
3644,78-78-4,一氧化碳
3645,78-79-5,一氧化碳
3646,78-80-8,一氧化碳
3647,78-80-8,二氧化碳。
3648,78-81-9,一氧化碳
3649,78-81-9,氮氧化物
3650,78-82-0,一氧化碳
3651,78-82-0,氮氧化物
3652,78-83-1,一氧化碳
3653,78-84-2,一氧化碳
3654,78-85-3,一氧化碳
3655,78-85-3,二氧化碳。
3656,78-86-4,一氧化碳
3657,78-86-4,氯化氢
3658,78-87-5,一氧化碳
3659,78-87-5,二氧化碳
3660,78-87-5,氯化氢
3661,78-87-5,光气。
3662,78-88-6,一氧化碳
3663,78-88-6,二氧化碳
3664,78-88-6,氯化氢。
3665,78-89-7,一氧化碳
3666,78-89-7,二氧化碳
3667,78-89-7,氯化氢。
3668,78-90-0,一氧化碳
3669,78-90-0,氮氧化物
3670,78-92-2,一氧化碳
3671,78-93-3,一氧化碳
3672,78-94-4,一氧化碳
3673,78-95-5,一氧化碳
3674,78-95-5,二氧化碳
3675,78-95-5,氯化氢
3676,78-95-5,光气。
3677,78-97-7,一氧化碳
3678,78-97-7,二氧化碳
3679,78-97-7,氧化氮
3680,78-97-7,氰化氢。
3681,7803-51-2,氧化磷
3682,7803-52-3,氧化锑
3683,7803-55-6,氮氧化物
3684,7803-55-6,氨。
3685,7803-62-5,氧化硅
3686,7803-62-5,氢气。
3687,786-19-6,一氧化碳
3688,786-19-6,二氧化碳
3689,786-19-6,氯化氢
3690,786-19-6,硫化氢
3691,786-19-6,氧化硫。
3692,79-00-5,一氧化碳
3693,79-00-5,氯化氢
3694,79-00-5,光气
3695,79-01-6,一氧化碳
3696,79-01-6,氯化氢
3697,79-01-6,光气
3698,79-03-8,一氧化碳
3699,79-03-8,二氧化碳
3700,79-03-8,氯化氢
3701,79-03-8,光气。
3702,79-04-9,一氧化碳
3703,79-04-9,氯化氢
3704,79-06-1,一氧化碳
3705,79-06-1,氮氧化物
3706,79-08-3,一氧化碳
3707,79-08-3,溴化氢
3708,79-09-4,一氧化碳
3709,79-10-7,一氧化碳
3710,79-11-8,一氧化碳
3711,79-11-8,氯化氢
3712,79-11-8,光气
3713,79-20-9,一氧化碳
3714,79-21-0,一氧化碳
3715,79-22-1,一氧化碳
3716,79-22-1,氯化氢
3717,79-22-1,光气
3718,79-24-3,一氧化碳
3719,79-24-3,氮氧化物
3720,79-27-6,一氧化碳
3721,79-27-6,溴化氢
3722,79-29-8,一氧化碳
3723,79-29-8,二氧化碳。
3724,79-30-1,一氧化碳
3725,79-30-1,二氧化碳
3726,79-30-1,氯化氢
3727,79-30-1,光气。
3728,79-31-2,一氧化碳
3729,79-34-5,一氧化碳
3730,79-34-5,氯化氢
3731,79-36-7,一氧化碳
3732,79-36-7,二氧化碳
3733,79-36-7,氯化氢
3734,79-36-7,光气。
3735,79-38-9,一氧化碳
3736,79-38-9,二氧化碳
3737,79-38-9,氟化氢
3738,79-38-9,氯化氢。
3739,79-41-4,一氧化碳
3740,79-43-6,一氧化碳
3741,79-43-6,氯化氢
3742,79-46-9,一氧化碳
3743,79-46-9,氮氧化物
3744,79-52-7,一氧化碳
3745,79-52-7,二氧化碳
3746,79-52-7,氯化氢
3747,79-52-7,氟化物
3748,79-92-5,一氧化碳
3749,80-10-4,一氧化碳
3750,80-10-4,二氧化碳
3751,80-10-4,氯化氢
3752,80-10-4,氧化硅。
3753,80-12-6,一氧化碳
3754,80-12-6,二氧化碳
3755,80-12-6,氮氧化物
3756,80-12-6,硫氧化物
3757,80-15-9,一氧化碳
3758,80-15-9,二氧化碳。
3759,80-17-1,一氧化碳
3760,80-17-1,氮氧化物
3761,80-17-1,氧化硫
3762,80-51-3,"May produce irritating, toxic and/or corrosive gases."
3763,80-55-7,一氧化碳
3764,80-55-7,二氧化碳。
3765,80-56-8,一氧化碳
3766,80-62-6,一氧化碳
3767,8001-35-2,一氧化碳
3768,8001-35-2,二氧化碳
3769,8001-35-2,氯化氢。
3770,8006-64-2,一氧化碳
3771,8014-95-7,无意义
3772,8017-16-1,无意义
3773,8030-30-6,一氧化碳
3774,8032-32-4,一氧化碳
3775,81-20-9,一氧化碳
3776,81-20-9,氮氧化物
3777,81-84-5,一氧化碳
3778,81-84-5,二氧化碳。
3779,814-49-3,"碳氧化物, 磷的氧化物, 氯化氢气体"
3780,814-78-8,一氧化碳
3781,814-78-8,二氧化碳。
3782,818-08-6,一氧化碳
3783,818-08-6,二氧化碳
3784,818-08-6,氧化锡
3785,818-08-6,锡。
3786,82-66-6,一氧化碳
3787,82-66-6,二氧化碳。
3788,82-68-8,一氧化碳
3789,82-68-8,二氧化碳
3790,82-68-8,氧化氮
3791,82-68-8,氯化氢。
3792,823-40-5,"Fire may produce irritating, corrosive and/or toxic gases."
3793,824-72-6,一氧化碳
3794,824-72-6,二氧化碳
3795,824-72-6,氯化氢
3796,824-72-6,氧化磷。
3797,824-78-2,一氧化碳
3798,824-78-2,二氧化碳
3799,824-78-2,氮氧化物。
3800,83-26-1,一氧化碳
3801,83-26-1,二氧化碳。
3802,83-32-9,一氧化碳
3803,83-41-0,一氧化碳
3804,83-41-0,氮氧化物
3805,84-58-2,一氧化碳
3806,84-58-2,二氧化碳
3807,84-58-2,氮氧化物
3808,84-58-2,氯化物。
3809,84-69-5,一氧化碳
3810,84-69-5,二氧化碳。
3811,85-41-6,一氧化碳
3812,85-41-6,二氧化碳
3813,85-41-6,氮氧化物。
3814,85-44-9,一氧化碳
3815,86-00-0,一氧化碳
3816,86-00-0,二氧化碳
3817,86-00-0,氮氧化物。
3818,86-30-6,一氧化碳
3819,86-30-6,二氧化碳
3820,86-30-6,氮氧化物。
3821,86-50-0,一氧化碳
3822,86-50-0,二氧化碳
3823,86-50-0,氧化氮
3824,86-50-0,硫化氢
3825,86-50-0,氧化硫。
3826,86-53-3,一氧化碳
3827,86-53-3,二氧化碳
3828,86-53-3,氮氧化物。
3829,86-57-7,一氧化碳
3830,86-57-7,氮氧化物
3831,86-74-8,一氧化碳
3832,86-74-8,二氧化碳
3833,86-74-8,氧化氮。
3834,865-33-8,"Fire will produce irritating, corrosive and/or toxic gases."
3835,865-44-1,无意义
3836,87-56-9,一氧化碳
3837,87-56-9,氯化氢
3838,87-59-2,一氧化碳
3839,87-59-2,氮氧化物
3840,87-61-6,一氧化碳
3841,87-61-6,二氧化碳
3842,87-61-6,氯化氢。
3843,87-62-7,一氧化碳
3844,87-62-7,氮氧化物
3845,87-65-0,一氧化碳
3846,87-65-0,二氧化碳
3847,87-65-0,氯化氢。
3848,87-68-3,一氧化碳
3849,87-68-3,二氧化碳
3850,87-68-3,氯化氢。
3851,87-86-5,一氧化碳
3852,87-86-5,二氧化碳
3853,87-86-5,氯化氢。
3854,87-90-1,一氧化碳
3855,87-90-1,二氧化碳
3856,87-90-1,氮氧化物
3857,87-90-1,氯化氢。
3858,870-23-5,一氧化碳
3859,870-23-5,二氧化碳
3860,870-23-5,硫化氢
3861,870-23-5,氧化硫。
3862,872-05-9,一氧化碳
3863,88-06-2,一氧化碳
3864,88-06-2,二氧化碳
3865,88-06-2,氯化氢
3866,88-16-4,一氧化碳
3867,88-16-4,二氧化碳
3868,88-16-4,氯化氢
3869,88-16-4,氟化氢
3870,88-18-6,一氧化碳
3871,88-18-6,二氧化碳。
3872,88-69-7,一氧化碳
3873,88-69-7,二氧化碳。
3874,88-72-2,一氧化碳
3875,88-72-2,氮氧化物
3876,88-73-3,一氧化碳
3877,88-73-3,二氧化碳
3878,88-73-3,氧化氮
3879,88-73-3,氯化氢
3880,88-74-4,一氧化碳
3881,88-74-4,氮氧化物
3882,88-75-5,一氧化碳
3883,88-75-5,氮氧化物
3884,88-85-7,一氧化碳
3885,88-85-7,二氧化碳
3886,88-85-7,氮氧化物。
3887,88-88-0,一氧化碳
3888,88-88-0,氮氧化物
3889,88-88-0,氯化氢
3890,88-89-1,一氧化碳
3891,88-89-1,氮氧化物
3892,88-95-9,一氧化碳
3893,88-95-9,二氧化碳
3894,88-95-9,光气
3895,88-95-9,氯化氢。
3896,89-32-7,一氧化碳
3897,89-32-7,二氧化碳。
3898,89-59-8,一氧化碳
3899,89-59-8,二氧化碳
3900,89-59-8,氮氧化物
3901,89-59-8,氯化氢。
3902,89-61-2,一氧化碳
3903,89-61-2,二氧化碳
3904,89-61-2,氮氧化物
3905,89-61-2,氯化氢。
3906,89-62-3,一氧化碳
3907,89-62-3,二氧化碳
3908,89-62-3,氮氧化物。
3909,89-63-4,一氧化碳
3910,89-63-4,二氧化碳
3911,89-63-4,氮氧化物
3912,89-63-4,氯化氢。
3913,89-64-5,一氧化碳
3914,89-64-5,二氧化碳
3915,89-64-5,氧化氮
3916,89-64-5,氯化氢。
3917,89-75-8,氯化氢
3918,89-75-8,光气。
3919,89-87-2,一氧化碳
3920,89-87-2,氮氧化物
3921,89-92-9,一氧化碳
3922,89-92-9,二氧化碳
3923,89-92-9,溴化氢。
3924,90-02-8,一氧化碳
3925,90-03-9,一氧化碳
3926,90-03-9,二氧化碳
3927,90-03-9,氯化氢
3928,90-03-9,汞。
3929,90-04-0,一氧化碳
3930,90-04-0,二氧化碳
3931,90-04-0,氧化氮。
3932,90-12-0,一氧化碳
3933,90-13-1,一氧化碳
3934,90-13-1,二氧化碳
3935,90-13-1,氯化氢。
3936,90-41-5,一氧化碳
3937,90-41-5,二氧化碳
3938,90-41-5,氧化氮。
3939,90-43-7,一氧化碳
3940,90-43-7,二氧化碳。
3941,900-95-8,一氧化碳
3942,900-95-8,二氧化碳
3943,900-95-8,氧化锡。
3944,9004-70-0,一氧化碳
3945,9004-70-0,二氧化碳
3946,9004-70-0,氮氧化物。
3947,9007-13-0,一氧化碳
3948,9007-13-0,二氧化碳
3949,9007-13-0,氧化钙。
3950,91-17-8,一氧化碳
3951,91-20-3,一氧化碳
3952,91-22-5,一氧化碳
3953,91-22-5,氮氧化物
3954,91-23-6,一氧化碳
3955,91-23-6,氮氧化物
3956,91-57-6,一氧化碳
3957,91-59-8,一氧化碳
3958,91-59-8,氮氧化物
3959,91-62-3,一氧化碳
3960,91-62-3,二氧化碳
3961,91-62-3,氮氧化物。
3962,91-63-4,一氧化碳
3963,91-63-4,二氧化碳
3964,91-63-4,氧化氮。
3965,91-66-7,一氧化碳
3966,91-66-7,氮氧化物
3967,91-94-1,一氧化碳
3968,91-94-1,二氧化碳
3969,91-94-1,氮氧化物
3970,91-94-1,氯化氢。
3971,91270-74-5,一氧化碳
3972,91270-74-5,二氧化碳
3973,91270-74-5,氯化氢
3974,91270-74-5,氧化磷。
3975,91724-16-2,砷
3976,91724-16-2,氧化锶。
3977,92-52-4,一氧化碳
3978,92-52-4,二氧化碳
3979,92-52-4,成分未知的黑色烟雾。
3980,92-67-1,一氧化碳
3981,92-67-1,氮氧化物
3982,92-87-5,一氧化碳
3983,92-87-5,二氧化碳
3984,92-87-5,氧化氮。
3985,92-93-3,一氧化碳
3986,92-93-3,二氧化碳
3987,92-93-3,氮氧化物。
3988,922-61-2,一氧化碳
3989,922-61-2,二氧化碳。
3990,926-57-8,一氧化碳
3991,926-57-8,二氧化碳
3992,926-57-8,氯化氢。
3993,926-64-7,一氧化碳
3994,926-64-7,二氧化碳
3995,926-64-7,氮氧化物
3996,926-64-7,氰化氢。
3997,926-82-9,一氧化碳
3998,926-82-9,二氧化碳。
3999,927-07-1,一氧化碳
4000,927-07-1,二氧化碳。
4001,928-45-0,一氧化碳
4002,928-45-0,二氧化碳
4003,928-45-0,氮氧化物。
4004,928-49-4,一氧化碳
4005,928-65-4,一氧化碳
4006,928-65-4,二氧化碳
4007,928-65-4,氯化氢
4008,928-65-4,氧化硅
4009,928-65-4,氯化物。
4010,929-06-6,一氧化碳
4011,929-06-6,二氧化碳
4012,929-06-6,氮氧化物。
4013,93-58-3,一氧化碳
4014,93-59-4,一氧化碳
4015,93-59-4,二氧化碳。
4016,93-70-9,一氧化碳
4017,93-70-9,二氧化碳
4018,93-70-9,氮氧化物
4019,93-70-9,氯化氢
4020,93-70-9,氯化物
4021,93-72-1,一氧化碳
4022,93-72-1,二氧化碳
4023,93-72-1,氯化氢。
4024,93-76-5,一氧化碳
4025,93-76-5,二氧化碳
4026,93-76-5,氯化氢。
4027,930-28-9,一氧化碳
4028,930-28-9,二氧化碳
4029,930-28-9,氯化氢。
4030,930-68-7,一氧化碳
4031,930-68-7,二氧化碳。
4032,931-87-3,一氧化碳
4033,94-17-7,一氧化碳
4034,94-17-7,氯化氢
4035,94-36-0,一氧化碳
4036,95-03-4,一氧化碳
4037,95-03-4,二氧化碳
4038,95-03-4,氮氧化物
4039,95-03-4,氯化氢。
4040,95-06-7,一氧化碳
4041,95-06-7,二氧化碳
4042,95-06-7,氮氧化物
4043,95-06-7,氯化氢
4044,95-06-7,氧化硫。
4045,95-46-5,一氧化碳
4046,95-46-5,溴化氢
4047,95-47-6,一氧化碳
4048,95-48-7,一氧化碳
4049,95-49-8,一氧化碳
4050,95-49-8,二氧化碳
4051,95-49-8,氯化氢。
4052,95-50-1,一氧化碳
4053,95-50-1,氯化氢
4054,95-51-2,一氧化碳
4055,95-51-2,氮氧化物
4056,95-52-3,一氧化碳
4057,95-52-3,二氧化碳
4058,95-52-3,氟化氢。
4059,95-53-4,一氧化碳
4060,95-53-4,氮氧化物
4061,95-54-5,一氧化碳
4062,95-54-5,氮氧化物
4063,95-55-6,一氧化碳
4064,95-55-6,氮氧化物
4065,95-56-7,一氧化碳
4066,95-56-7,溴化氢
4067,95-57-8,一氧化碳
4068,95-57-8,氯化氢
4069,95-63-6,一氧化碳
4070,95-64-7,一氧化碳
4071,95-64-7,二氧化碳
4072,95-64-7,氮氧化物。
4073,95-65-8,一氧化碳
4074,95-65-8,二氧化碳。
4075,95-68-1,一氧化碳
4076,95-68-1,氮氧化物
4077,95-70-5,一氧化碳
4078,95-70-5,氮氧化物
4079,95-73-8,一氧化碳
4080,95-73-8,氯化氢
4081,95-75-0,一氧化碳
4082,95-75-0,氯化氢
4083,95-76-1,一氧化碳
4084,95-76-1,氮氧化物
4085,95-76-1,氯化氢
4086,95-77-2,一氧化碳
4087,95-77-2,二氧化碳
4088,95-77-2,氯化氢。
4089,95-78-3,一氧化碳
4090,95-78-3,氮氧化物
4091,95-79-4,一氧化碳
4092,95-79-4,二氧化碳
4093,95-79-4,氧化氮
4094,95-79-4,氯化氢。
4095,95-80-7,一氧化碳
4096,95-80-7,氮氧化物
4097,95-82-9,一氧化碳
4098,95-82-9,氮氧化物
4099,95-82-9,氯化氢
4100,95-85-2,一氧化碳
4101,95-85-2,二氧化碳
4102,95-85-2,氮氧化物
4103,95-85-2,氯化氢。
4104,95-87-4,一氧化碳
4105,95-87-4,二氧化碳。
4106,95-92-1,一氧化碳
4107,95-94-3,一氧化碳
4108,95-94-3,氯化氢
4109,95-95-4,一氧化碳
4110,95-95-4,二氧化碳
4111,95-95-4,氯化氢。
4112,950-35-6,一氧化碳
4113,950-35-6,二氧化碳
4114,950-35-6,氮氧化物
4115,950-35-6,磷氧化物
4116,96-05-9,"Fire will produce irritating, corrosive and/or toxic gases."
4117,96-09-3,一氧化碳
4118,96-09-3,二氧化碳。
4119,96-10-6,一氧化碳
4120,96-10-6,二氧化碳
4121,96-10-6,氯化物
4122,96-10-6,氧化铝。
4123,96-14-0,一氧化碳
4124,96-18-4,一氧化碳
4125,96-18-4,氯化氢
4126,96-22-0,一氧化碳
4127,96-23-1,一氧化碳
4128,96-23-1,二氧化碳
4129,96-23-1,氯化氢
4130,96-23-1,光气。
4131,96-24-2,一氧化碳
4132,96-24-2,二氧化碳
4133,96-24-2,氯化氢。
4134,96-29-7,"Fire may produce irritating, corrosive and/or toxic gases."
4135,96-32-2,一氧化碳
4136,96-32-2,溴化氢
4137,96-33-3,一氧化碳
4138,96-34-4,一氧化碳
4139,96-34-4,氯化氢
4140,96-37-7,一氧化碳
4141,96-41-3,一氧化碳
4142,96-47-9,一氧化碳
4143,96-47-9,二氧化碳。
4144,96-80-0,一氧化碳
4145,96-80-0,二氧化碳
4146,96-80-0,氮氧化物。
4147,961-68-2,一氧化碳
4148,961-68-2,氮氧化物
4149,97-00-7,一氧化碳
4150,97-00-7,氮氧化物
4151,97-00-7,氯化氢
4152,97-02-9,一氧化碳
4153,97-02-9,氮氧化物
4154,97-52-9,一氧化碳
4155,97-52-9,二氧化碳
4156,97-52-9,氮氧化物。
4157,97-62-1,一氧化碳
4158,97-63-2,一氧化碳
4159,97-64-3,一氧化碳
4160,97-72-3,一氧化碳
4161,97-85-8,一氧化碳
4162,97-86-9,一氧化碳
4163,97-88-1,一氧化碳
4164,97-93-8,一氧化碳
4165,97-93-8,氧化铝
4166,97-94-9,一氧化碳
4167,97-94-9,二氧化碳
4168,97-94-9,氧化硼。
4169,97-95-0,一氧化碳
4170,97-95-0,二氧化碳。
4171,97-96-1,一氧化碳
4172,97-96-1,二氧化碳。
4173,97-97-2,一氧化碳
4174,97-97-2,二氧化碳。
4175,98-00-0,一氧化碳
4176,98-00-0,二氧化碳。
4177,98-01-1,一氧化碳
4178,98-02-2,一氧化碳
4179,98-02-2,二氧化碳
4180,98-02-2,硫化氢
4181,98-02-2,氧化硫
4182,98-06-6,一氧化碳
4183,98-06-6,二氧化碳。
4184,98-07-7,一氧化碳
4185,98-07-7,二氧化碳
4186,98-07-7,氯化氢。
4187,98-08-8,一氧化碳
4188,98-08-8,二氧化碳
4189,98-08-8,氟化氢。
4190,98-09-9,一氧化碳
4191,98-09-9,氮氧化物
4192,98-09-9,氯化氢
4193,98-12-4,一氧化碳
4194,98-12-4,二氧化碳
4195,98-12-4,氯化氢
4196,98-12-4,氧化硅。
4197,98-13-5,一氧化碳
4198,98-13-5,氯化氢
4199,98-13-5,氧化硅
4200,98-15-7,一氧化碳
4201,98-15-7,二氧化碳
4202,98-15-7,氯化氢
4203,98-15-7,氟化氢。
4204,98-16-8,一氧化碳
4205,98-16-8,二氧化碳
4206,98-16-8,氮氧化物
4207,98-16-8,氟化氢。
4208,98-47-5,一氧化碳
4209,98-47-5,二氧化碳
4210,98-47-5,氮氧化物
4211,98-47-5,氧化硫。
4212,98-50-0,一氧化碳
4213,98-50-0,二氧化碳
4214,98-50-0,氮氧化物
4215,98-50-0,氧化砷。
4216,98-54-4,一氧化碳
4217,98-56-6,一氧化碳
4218,98-56-6,二氧化碳
4219,98-56-6,氯化氢
4220,98-56-6,氟化氢。
4221,98-58-8,一氧化碳
4222,98-58-8,溴化氢
4223,98-58-8,氧化硫
4224,98-58-8,氯化氢。
4225,98-59-9,一氧化碳
4226,98-59-9,氧化硫
4227,98-59-9,氯化氢
4228,98-72-6,一氧化碳
4229,98-72-6,二氧化碳
4230,98-72-6,氮氧化物
4231,98-72-6,氧化砷。
4232,98-74-8,一氧化碳
4233,98-74-8,二氧化碳
4234,98-74-8,氮氧化物
4235,98-74-8,氯化氢
4236,98-74-8,氧化硫。
4237,98-82-8,一氧化碳
4238,98-83-9,一氧化碳
4239,98-83-9,二氧化碳。
4240,98-85-1,一氧化碳
4241,98-85-1,二氧化碳。
4242,98-87-3,一氧化碳
4243,98-87-3,二氧化碳
4244,98-87-3,氯化氢。
4245,98-88-4,一氧化碳
4246,98-88-4,氯化氢
4247,98-88-4,光气
4248,98-94-2,一氧化碳
4249,98-94-2,氮氧化物
4250,98-95-3,一氧化碳
4251,98-95-3,氮氧化物
4252,99-08-1,一氧化碳
4253,99-08-1,氮氧化物
4254,99-09-2,一氧化碳
4255,99-09-2,氮氧化物
4256,99-12-7,一氧化碳
4257,99-12-7,氮氧化物
4258,99-33-2,一氧化碳
4259,99-33-2,二氧化碳
4260,99-33-2,氮氧化物
4261,99-33-2,氯化氢。
4262,99-35-4,一氧化碳
4263,99-35-4,氮氧化物
4264,99-51-4,一氧化碳
4265,99-51-4,氮氧化物
4266,99-52-5,一氧化碳
4267,99-52-5,氮氧化物
4268,99-54-7,一氧化碳
4269,99-54-7,二氧化碳
4270,99-54-7,氧化氮
4271,99-54-7,氯化氢。
4272,99-57-0,一氧化碳
4273,99-57-0,二氧化碳
4274,99-57-0,氮氧化物。
4275,99-63-8,一氧化碳
4276,99-63-8,二氧化碳
4277,99-63-8,氯化氢
4278,99-63-8,光气。
4279,99-65-0,一氧化碳
4280,99-65-0,氮氧化物
4281,99-73-0,一氧化碳
4282,99-73-0,溴化氢
4283,99-87-6,一氧化碳
4284,99-87-6,二氧化碳。
4285,99-89-8,一氧化碳
4286,99-89-8,二氧化碳。
4287,99-98-9,一氧化碳
4288,99-98-9,二氧化碳
4289,99-98-9,氧化氮。
4290,99-99-0,一氧化碳
4291,99-99-0,氮氧化物
4292,990-73-8,一氧化碳
4293,990-73-8,二氧化碳
4294,990-73-8,氧化氮
4295,993-00-0,一氧化碳
4296,993-00-0,氯化氢
4297,993-00-0,氧化硅
4298,995-33-5,"Fire may produce irritating, corrosive and/or toxic gases."
4299,999-97-3,一氧化碳
4300,999-97-3,二氧化碳
4301,999-97-3,氧化氮
4302,999-97-3,氧化硅。
